,地区,类别,统计人数,年龄段,性别
0,全国,合计,1332810869,合计,合计
1,全国,男_合计,682329104,合计,男
2,全国,女_合计,650481765,合计,女
3,全国,小计_0岁,13786434,0岁,小计
4,全国,男_0岁,7461199,0岁,男
5,全国,女_0岁,6325235,0岁,女
6,全国,小计_1-4岁,61746176,1-4岁,小计
7,全国,男_1-4岁,33601367,1-4岁,男
8,全国,女_1-4岁,28144809,1-4岁,女
9,全国,小计_5-9岁,70881549,5-9岁,小计
10,全国,男_5-9岁,38464665,5-9岁,男
11,全国,女_5-9岁,32416884,5-9岁,女
12,全国,小计_10-14岁,74908462,10-14岁,小计
13,全国,男_10-14岁,40267277,10-14岁,男
14,全国,女_10-14岁,34641185,10-14岁,女
15,全国,小计_15-19岁,99889114,15-19岁,小计
16,全国,男_15-19岁,51904830,15-19岁,男
17,全国,女_15-19岁,47984284,15-19岁,女
18,全国,小计_20-24岁,127412518,20-24岁,小计
19,全国,男_20-24岁,64008573,20-24岁,男
20,全国,女_20-24岁,63403945,20-24岁,女
21,全国,小计_25-29岁,101013852,25-29岁,小计
22,全国,男_25-29岁,50837038,25-29岁,男
23,全国,女_25-29岁,50176814,25-29岁,女
24,全国,小计_30-34岁,97138203,30-34岁,小计
25,全国,男_30-34岁,49521822,30-34岁,男
26,全国,女_30-34岁,47616381,30-34岁,女
27,全国,小计_35-39岁,118025959,35-39岁,小计
28,全国,男_35-39岁,60391104,35-39岁,男
29,全国,女_35-39岁,57634855,35-39岁,女
30,全国,小计_40-44岁,124753964,40-44岁,小计
31,全国,男_40-44岁,63608678,40-44岁,男
32,全国,女_40-44岁,61145286,40-44岁,女
33,全国,小计_45-49岁,105594553,45-49岁,小计
34,全国,男_45-49岁,53776418,45-49岁,男
35,全国,女_45-49岁,51818135,45-49岁,女
36,全国,小计_50-54岁,78753171,50-54岁,小计
37,全国,男_50-54岁,40363234,50-54岁,男
38,全国,女_50-54岁,38389937,50-54岁,女
39,全国,小计_55-59岁,81312474,55-59岁,小计
40,全国,男_55-59岁,41082938,55-59岁,男
41,全国,女_55-59岁,40229536,55-59岁,女
42,全国,小计_60-64岁,58667282,60-64岁,小计
43,全国,男_60-64岁,29834426,60-64岁,男
44,全国,女_60-64岁,28832856,60-64岁,女
45,全国,小计_65-69岁,41113282,65-69岁,小计
46,全国,男_65-69岁,20748471,65-69岁,男
47,全国,女_65-69岁,20364811,65-69岁,女
48,全国,小计_70-74岁,32972397,70-74岁,小计
49,全国,男_70-74岁,16403453,70-74岁,男
50,全国,女_70-74岁,16568944,70-74岁,女
51,全国,小计_75-79岁,23852133,75-79岁,小计
52,全国,男_75-79岁,11278859,75-79岁,男
53,全国,女_75-79岁,12573274,75-79岁,女
54,全国,小计_80-84岁,13373198,80-84岁,小计
55,全国,男_80-84岁,5917502,80-84岁,男
56,全国,女_80-84岁,7455696,80-84岁,女
57,全国,小计_85-89岁,5631928,85-89岁,小计
58,全国,男_85-89岁,2199810,85-89岁,男
59,全国,女_85-89岁,3432118,85-89岁,女
60,全国,小计_90-94岁,1578307,90-94岁,小计
61,全国,男_90-94岁,530872,90-94岁,男
62,全国,女_90-94岁,1047435,90-94岁,女
63,全国,小计_95-99岁,369979,95-99岁,小计
64,全国,男_95-99岁,117716,95-99岁,男
65,全国,女_95-99岁,252263,95-99岁,女
66,全国,小计_100岁及以上,35934,100岁及以上,小计
67,全国,男_100岁及以上,8852,100岁及以上,男
68,全国,女_100岁及以上,27082,100岁及以上,女
69,北京,合计,19612368,合计,合计
70,北京,男_合计,10126430,合计,男
71,北京,女_合计,9485938,合计,女
72,北京,小计_0岁,115882,0岁,小计
73,北京,男_0岁,60564,0岁,男
74,北京,女_0岁,55318,0岁,女
75,北京,小计_1-4岁,569998,1-4岁,小计
76,北京,男_1-4岁,300229,1-4岁,男
77,北京,女_1-4岁,269769,1-4岁,女
78,北京,小计_5-9岁,501269,5-9岁,小计
79,北京,男_5-9岁,266411,5-9岁,男
80,北京,女_5-9岁,234858,5-9岁,女
81,北京,小计_10-14岁,500288,10-14岁,小计
82,北京,男_10-14岁,263230,10-14岁,男
83,北京,女_10-14岁,237058,10-14岁,女
84,北京,小计_15-19岁,1071078,15-19岁,小计
85,北京,男_15-19岁,564868,15-19岁,男
86,北京,女_15-19岁,506210,15-19岁,女
87,北京,小计_20-24岁,2633028,20-24岁,小计
88,北京,男_20-24岁,1368039,20-24岁,男
89,北京,女_20-24岁,1264989,20-24岁,女
90,北京,小计_25-29岁,2379014,25-29岁,小计
91,北京,男_25-29岁,1223231,25-29岁,男
92,北京,女_25-29岁,1155783,25-29岁,女
93,北京,小计_30-34岁,1824339,30-34岁,小计
94,北京,男_30-34岁,955672,30-34岁,男
95,北京,女_30-34岁,868667,30-34岁,女
96,北京,小计_35-39岁,1720601,35-39岁,小计
97,北京,男_35-39岁,916825,35-39岁,男
98,北京,女_35-39岁,803776,35-39岁,女
99,北京,小计_40-44岁,1656355,40-44岁,小计
100,北京,男_40-44岁,884231,40-44岁,男
101,北京,女_40-44岁,772124,40-44岁,女
102,北京,小计_45-49岁,1628804,45-49岁,小计
103,北京,男_45-49岁,861742,45-49岁,男
104,北京,女_45-49岁,767062,45-49岁,女
105,北京,小计_50-54岁,1347008,50-54岁,小计
106,北京,男_50-54岁,691118,50-54岁,男
107,北京,女_50-54岁,655890,50-54岁,女
108,北京,小计_55-59岁,1204596,55-59岁,小计
109,北京,男_55-59岁,597114,55-59岁,男
110,北京,女_55-59岁,607482,55-59岁,女
111,北京,小计_60-64岁,751256,60-64岁,小计
112,北京,男_60-64岁,368042,60-64岁,男
113,北京,女_60-64岁,383214,60-64岁,女
114,北京,小计_65-69岁,516364,65-69岁,小计
115,北京,男_65-69岁,243021,65-69岁,男
116,北京,女_65-69岁,273343,65-69岁,女
117,北京,小计_70-74岁,504005,70-74岁,小计
118,北京,男_70-74岁,235799,70-74岁,男
119,北京,女_70-74岁,268206,70-74岁,女
120,北京,小计_75-79岁,386374,75-79岁,小计
121,北京,男_75-79岁,187209,75-79岁,男
122,北京,女_75-79岁,199165,75-79岁,女
123,北京,小计_80-84岁,199673,80-84岁,小计
124,北京,男_80-84岁,94819,80-84岁,男
125,北京,女_80-84岁,104854,80-84岁,女
126,北京,小计_85-89岁,77475,85-89岁,小计
127,北京,男_85-89岁,34359,85-89岁,男
128,北京,女_85-89岁,43116,85-89岁,女
129,北京,小计_90-94岁,20345,90-94岁,小计
130,北京,男_90-94岁,8256,90-94岁,男
131,北京,女_90-94岁,12089,90-94岁,女
132,北京,小计_95-99岁,4064,95-99岁,小计
133,北京,男_95-99岁,1505,95-99岁,男
134,北京,女_95-99岁,2559,95-99岁,女
135,北京,小计_100岁及以上,552,100岁及以上,小计
136,北京,男_100岁及以上,146,100岁及以上,男
137,北京,女_100岁及以上,406,100岁及以上,女
138,天津,合计,12938693,合计,合计
139,天津,男_合计,6907091,合计,男
140,天津,女_合计,6031602,合计,女
141,天津,小计_0岁,81871,0岁,小计
142,天津,男_0岁,43546,0岁,男
143,天津,女_0岁,38325,0岁,女
144,天津,小计_1-4岁,379022,1-4岁,小计
145,天津,男_1-4岁,201322,1-4岁,男
146,天津,女_1-4岁,177700,1-4岁,女
147,天津,小计_5-9岁,397798,5-9岁,小计
148,天津,男_5-9岁,212250,5-9岁,男
149,天津,女_5-9岁,185548,5-9岁,女
150,天津,小计_10-14岁,408877,10-14岁,小计
151,天津,男_10-14岁,216813,10-14岁,男
152,天津,女_10-14岁,192064,10-14岁,女
153,天津,小计_15-19岁,801760,15-19岁,小计
154,天津,男_15-19岁,424619,15-19岁,男
155,天津,女_15-19岁,377141,15-19岁,女
156,天津,小计_20-24岁,1679442,20-24岁,小计
157,天津,男_20-24岁,922933,20-24岁,男
158,天津,女_20-24岁,756509,20-24岁,女
159,天津,小计_25-29岁,1341714,25-29岁,小计
160,天津,男_25-29岁,751611,25-29岁,男
161,天津,女_25-29岁,590103,25-29岁,女
162,天津,小计_30-34岁,1035675,30-34岁,小计
163,天津,男_30-34岁,581531,30-34岁,男
164,天津,女_30-34岁,454144,30-34岁,女
165,天津,小计_35-39岁,1045560,35-39岁,小计
166,天津,男_35-39岁,580926,35-39岁,男
167,天津,女_35-39岁,464634,35-39岁,女
168,天津,小计_40-44岁,1067997,40-44岁,小计
169,天津,男_40-44岁,586050,40-44岁,男
170,天津,女_40-44岁,481947,40-44岁,女
171,天津,小计_45-49岁,1097110,45-49岁,小计
172,天津,男_45-49岁,583532,45-49岁,男
173,天津,女_45-49岁,513578,45-49岁,女
174,天津,小计_50-54岁,998655,50-54岁,小计
175,天津,男_50-54岁,518506,50-54岁,男
176,天津,女_50-54岁,480149,50-54岁,女
177,天津,小计_55-59岁,918527,55-59岁,小计
178,天津,男_55-59岁,466531,55-59岁,男
179,天津,女_55-59岁,451996,55-59岁,女
180,天津,小计_60-64岁,582297,60-64岁,小计
181,天津,男_60-64岁,292086,60-64岁,男
182,天津,女_60-64岁,290211,60-64岁,女
183,天津,小计_65-69岁,370879,65-69岁,小计
184,天津,男_65-69岁,180747,65-69岁,男
185,天津,女_65-69岁,190132,65-69岁,女
186,天津,小计_70-74岁,295616,70-74岁,小计
187,天津,男_70-74岁,140939,70-74岁,男
188,天津,女_70-74岁,154677,70-74岁,女
189,天津,小计_75-79岁,231770,75-79岁,小计
190,天津,男_75-79岁,110826,75-79岁,男
191,天津,女_75-79岁,120944,75-79岁,女
192,天津,小计_80-84岁,134304,80-84岁,小计
193,天津,男_80-84岁,62115,80-84岁,男
194,天津,女_80-84岁,72189,80-84岁,女
195,天津,小计_85-89岁,52792,85-89岁,小计
196,天津,男_85-89岁,23072,85-89岁,男
197,天津,女_85-89岁,29720,85-89岁,女
198,天津,小计_90-94岁,13569,90-94岁,小计
199,天津,男_90-94岁,5712,90-94岁,男
200,天津,女_90-94岁,7857,90-94岁,女
201,天津,小计_95-99岁,3242,95-99岁,小计
202,天津,男_95-99岁,1344,95-99岁,男
203,天津,女_95-99岁,1898,95-99岁,女
204,天津,小计_100岁及以上,216,100岁及以上,小计
205,天津,男_100岁及以上,80,100岁及以上,男
206,天津,女_100岁及以上,136,100岁及以上,女
207,河北,合计,71854210,合计,合计
208,河北,男_合计,36430286,合计,男
209,河北,女_合计,35423924,合计,女
210,河北,小计_0岁,880194,0岁,小计
211,河北,男_0岁,470526,0岁,男
212,河北,女_0岁,409668,0岁,女
213,河北,小计_1-4岁,3897692,1-4岁,小计
214,河北,男_1-4岁,2100526,1-4岁,男
215,河北,女_1-4岁,1797166,1-4岁,女
216,河北,小计_5-9岁,4041271,5-9岁,小计
217,河北,男_5-9岁,2168112,5-9岁,男
218,河北,女_5-9岁,1873159,5-9岁,女
219,河北,小计_10-14岁,3273881,10-14岁,小计
220,河北,男_10-14岁,1741355,10-14岁,男
221,河北,女_10-14岁,1532526,10-14岁,女
222,河北,小计_15-19岁,5300038,15-19岁,小计
223,河北,男_15-19岁,2699801,15-19岁,男
224,河北,女_15-19岁,2600237,15-19岁,女
225,河北,小计_20-24岁,7592569,20-24岁,小计
226,河北,男_20-24岁,3769523,20-24岁,男
227,河北,女_20-24岁,3823046,20-24岁,女
228,河北,小计_25-29岁,5922757,25-29岁,小计
229,河北,男_25-29岁,2953742,25-29岁,男
230,河北,女_25-29岁,2969015,25-29岁,女
231,河北,小计_30-34岁,4816542,30-34岁,小计
232,河北,男_30-34岁,2455915,30-34岁,男
233,河北,女_30-34岁,2360627,30-34岁,女
234,河北,小计_35-39岁,5236791,35-39岁,小计
235,河北,男_35-39岁,2640674,35-39岁,男
236,河北,女_35-39岁,2596117,35-39岁,女
237,河北,小计_40-44岁,6303869,40-44岁,小计
238,河北,男_40-44岁,3191301,40-44岁,男
239,河北,女_40-44岁,3112568,40-44岁,女
240,河北,小计_45-49岁,5644591,45-49岁,小计
241,河北,男_45-49岁,2824442,45-49岁,男
242,河北,女_45-49岁,2820149,45-49岁,女
243,河北,小计_50-54岁,4794727,50-54岁,小计
244,河北,男_50-54岁,2446341,50-54岁,男
245,河北,女_50-54岁,2348386,50-54岁,女
246,河北,小计_55-59岁,4807022,55-59岁,小计
247,河北,男_55-59岁,2421123,55-59岁,男
248,河北,女_55-59岁,2385899,55-59岁,女
249,河北,小计_60-64岁,3422528,60-64岁,小计
250,河北,男_60-64岁,1714865,60-64岁,男
251,河北,女_60-64岁,1707663,60-64岁,女
252,河北,小计_65-69岁,2089275,65-69岁,小计
253,河北,男_65-69岁,1045994,65-69岁,男
254,河北,女_65-69岁,1043281,65-69岁,女
255,河北,小计_70-74岁,1648584,70-74岁,小计
256,河北,男_70-74岁,823844,70-74岁,男
257,河北,女_70-74岁,824740,70-74岁,女
258,河北,小计_75-79岁,1196136,75-79岁,小计
259,河北,男_75-79岁,559163,75-79岁,男
260,河北,女_75-79岁,636973,75-79岁,女
261,河北,小计_80-84岁,656732,80-84岁,小计
262,河北,男_80-84岁,282274,80-84岁,男
263,河北,女_80-84岁,374458,80-84岁,女
264,河北,小计_85-89岁,254168,85-89岁,小计
265,河北,男_85-89岁,96610,85-89岁,男
266,河北,女_85-89岁,157558,85-89岁,女
267,河北,小计_90-94岁,61672,90-94岁,小计
268,河北,男_90-94岁,20257,90-94岁,男
269,河北,女_90-94岁,41415,90-94岁,女
270,河北,小计_95-99岁,12231,95-99岁,小计
271,河北,男_95-99岁,3719,95-99岁,男
272,河北,女_95-99岁,8512,95-99岁,女
273,河北,小计_100岁及以上,940,100岁及以上,小计
274,河北,男_100岁及以上,179,100岁及以上,男
275,河北,女_100岁及以上,761,100岁及以上,女
276,山西,合计,35712101,合计,合计
277,山西,男_合计,18338760,合计,男
278,山西,女_合计,17373341,合计,女
279,山西,小计_0岁,345782,0岁,小计
280,山西,男_0岁,181346,0岁,男
281,山西,女_0岁,164436,0岁,女
282,山西,小计_1-4岁,1477029,1-4岁,小计
283,山西,男_1-4岁,775404,1-4岁,男
284,山西,女_1-4岁,701625,1-4岁,女
285,山西,小计_5-9岁,1866552,5-9岁,小计
286,山西,男_5-9岁,978796,5-9岁,男
287,山西,女_5-9岁,887756,5-9岁,女
288,山西,小计_10-14岁,2416653,10-14岁,小计
289,山西,男_10-14岁,1259085,10-14岁,男
290,山西,女_10-14岁,1157568,10-14岁,女
291,山西,小计_15-19岁,3370864,15-19岁,小计
292,山西,男_15-19岁,1705179,15-19岁,男
293,山西,女_15-19岁,1665685,15-19岁,女
294,山西,小计_20-24岁,3191889,20-24岁,小计
295,山西,男_20-24岁,1622419,20-24岁,男
296,山西,女_20-24岁,1569470,20-24岁,女
297,山西,小计_25-29岁,2712291,25-29岁,小计
298,山西,男_25-29岁,1388574,25-29岁,男
299,山西,女_25-29岁,1323717,25-29岁,女
300,山西,小计_30-34岁,2497375,30-34岁,小计
301,山西,男_30-34岁,1287390,30-34岁,男
302,山西,女_30-34岁,1209985,30-34岁,女
303,山西,小计_35-39岁,3289042,35-39岁,小计
304,山西,男_35-39岁,1686158,35-39岁,男
305,山西,女_35-39岁,1602884,35-39岁,女
306,山西,小计_40-44岁,3204150,40-44岁,小计
307,山西,男_40-44岁,1657285,40-44岁,男
308,山西,女_40-44岁,1546865,40-44岁,女
309,山西,小计_45-49岁,2848258,45-49岁,小计
310,山西,男_45-49岁,1469270,45-49岁,男
311,山西,女_45-49岁,1378988,45-49岁,女
312,山西,小计_50-54岁,2325620,50-54岁,小计
313,山西,男_50-54岁,1213929,50-54岁,男
314,山西,女_50-54岁,1111691,50-54岁,女
315,山西,小计_55-59岁,2048755,55-59岁,小计
316,山西,男_55-59岁,1056489,55-59岁,男
317,山西,女_55-59岁,992266,55-59岁,女
318,山西,小计_60-64岁,1412582,60-64岁,小计
319,山西,男_60-64岁,724311,60-64岁,男
320,山西,女_60-64岁,688271,60-64岁,女
321,山西,小计_65-69岁,937484,65-69岁,小计
322,山西,男_65-69岁,478457,65-69岁,男
323,山西,女_65-69岁,459027,65-69岁,女
324,山西,小计_70-74岁,783578,70-74岁,小计
325,山西,男_70-74岁,396370,70-74岁,男
326,山西,女_70-74岁,387208,70-74岁,女
327,山西,小计_75-79岁,571778,75-79岁,小计
328,山西,男_75-79岁,277902,75-79岁,男
329,山西,女_75-79岁,293876,75-79岁,女
330,山西,小计_80-84岁,281068,80-84岁,小计
331,山西,男_80-84岁,127575,80-84岁,男
332,山西,女_80-84岁,153493,80-84岁,女
333,山西,小计_85-89岁,103773,85-89岁,小计
334,山西,男_85-89岁,42628,85-89岁,男
335,山西,女_85-89岁,61145,85-89岁,女
336,山西,小计_90-94岁,22982,90-94岁,小计
337,山西,男_90-94岁,8579,90-94岁,男
338,山西,女_90-94岁,14403,90-94岁,女
339,山西,小计_95-99岁,4369,95-99岁,小计
340,山西,男_95-99岁,1563,95-99岁,男
341,山西,女_95-99岁,2806,95-99岁,女
342,山西,小计_100岁及以上,227,100岁及以上,小计
343,山西,男_100岁及以上,51,100岁及以上,男
344,山西,女_100岁及以上,176,100岁及以上,女
345,内蒙古,合计,24706291,合计,合计
346,内蒙古,男_合计,12838243,合计,男
347,内蒙古,女_合计,11868048,合计,女
348,内蒙古,小计_0岁,204151,0岁,小计
349,内蒙古,男_0岁,107837,0岁,男
350,内蒙古,女_0岁,96314,0岁,女
351,内蒙古,小计_1-4岁,914675,1-4岁,小计
352,内蒙古,男_1-4岁,479554,1-4岁,男
353,内蒙古,女_1-4岁,435121,1-4岁,女
354,内蒙古,小计_5-9岁,1092749,5-9岁,小计
355,内蒙古,男_5-9岁,571128,5-9岁,男
356,内蒙古,女_5-9岁,521621,5-9岁,女
357,内蒙古,小计_10-14岁,1264856,10-14岁,小计
358,内蒙古,男_10-14岁,658767,10-14岁,男
359,内蒙古,女_10-14岁,606089,10-14岁,女
360,内蒙古,小计_15-19岁,1664924,15-19岁,小计
361,内蒙古,男_15-19岁,859999,15-19岁,男
362,内蒙古,女_15-19岁,804925,15-19岁,女
363,内蒙古,小计_20-24岁,2083823,20-24岁,小计
364,内蒙古,男_20-24岁,1074514,20-24岁,男
365,内蒙古,女_20-24岁,1009309,20-24岁,女
366,内蒙古,小计_25-29岁,2059761,25-29岁,小计
367,内蒙古,男_25-29岁,1078398,25-29岁,男
368,内蒙古,女_25-29岁,981363,25-29岁,女
369,内蒙古,小计_30-34岁,1967778,30-34岁,小计
370,内蒙古,男_30-34岁,1041581,30-34岁,男
371,内蒙古,女_30-34岁,926197,30-34岁,女
372,内蒙古,小计_35-39岁,2540644,35-39岁,小计
373,内蒙古,男_35-39岁,1335067,35-39岁,男
374,内蒙古,女_35-39岁,1205577,35-39岁,女
375,内蒙古,小计_40-44岁,2508659,40-44岁,小计
376,内蒙古,男_40-44岁,1324061,40-44岁,男
377,内蒙古,女_40-44岁,1184598,40-44岁,女
378,内蒙古,小计_45-49岁,2239534,45-49岁,小计
379,内蒙古,男_45-49岁,1173609,45-49岁,男
380,内蒙古,女_45-49岁,1065925,45-49岁,女
381,内蒙古,小计_50-54岁,1813660,50-54岁,小计
382,内蒙古,男_50-54岁,941694,50-54岁,男
383,内蒙古,女_50-54岁,871966,50-54岁,女
384,内蒙古,小计_55-59岁,1514664,55-59岁,小计
385,内蒙古,男_55-59岁,770719,55-59岁,男
386,内蒙古,女_55-59岁,743945,55-59岁,女
387,内蒙古,小计_60-64岁,968236,60-64岁,小计
388,内蒙古,男_60-64岁,488645,60-64岁,男
389,内蒙古,女_60-64岁,479591,60-64岁,女
390,内蒙古,小计_65-69岁,663946,65-69岁,小计
391,内蒙古,男_65-69岁,326461,65-69岁,男
392,内蒙古,女_65-69岁,337485,65-69岁,女
393,内蒙古,小计_70-74岁,590293,70-74岁,小计
394,内蒙古,男_70-74岁,296727,70-74岁,男
395,内蒙古,女_70-74岁,293566,70-74岁,女
396,内蒙古,小计_75-79岁,372560,75-79岁,小计
397,内蒙古,男_75-79岁,188701,75-79岁,男
398,内蒙古,女_75-79岁,183859,75-79岁,女
399,内蒙古,小计_80-84岁,166815,80-84岁,小计
400,内蒙古,男_80-84岁,85147,80-84岁,男
401,内蒙古,女_80-84岁,81668,80-84岁,女
402,内蒙古,小计_85-89岁,59205,85-89岁,小计
403,内蒙古,男_85-89岁,28776,85-89岁,男
404,内蒙古,女_85-89岁,30429,85-89岁,女
405,内蒙古,小计_90-94岁,12404,90-94岁,小计
406,内蒙古,男_90-94岁,5535,90-94岁,男
407,内蒙古,女_90-94岁,6869,90-94岁,女
408,内蒙古,小计_95-99岁,2766,95-99岁,小计
409,内蒙古,男_95-99岁,1252,95-99岁,男
410,内蒙古,女_95-99岁,1514,95-99岁,女
411,内蒙古,小计_100岁及以上,188,100岁及以上,小计
412,内蒙古,男_100岁及以上,71,100岁及以上,男
413,内蒙古,女_100岁及以上,117,100岁及以上,女
414,辽宁,合计,43746323,合计,合计
415,辽宁,男_合计,22147745,合计,男
416,辽宁,女_合计,21598578,合计,女
417,辽宁,小计_0岁,264242,0岁,小计
418,辽宁,男_0岁,138487,0岁,男
419,辽宁,女_0岁,125755,0岁,女
420,辽宁,小计_1-4岁,1274719,1-4岁,小计
421,辽宁,男_1-4岁,669590,1-4岁,男
422,辽宁,女_1-4岁,605129,1-4岁,女
423,辽宁,小计_5-9岁,1634902,5-9岁,小计
424,辽宁,男_5-9岁,861576,5-9岁,男
425,辽宁,女_5-9岁,773326,5-9岁,女
426,辽宁,小计_10-14岁,1823114,10-14岁,小计
427,辽宁,男_10-14岁,961852,10-14岁,男
428,辽宁,女_10-14岁,861262,10-14岁,女
429,辽宁,小计_15-19岁,2512595,15-19岁,小计
430,辽宁,男_15-19岁,1294179,15-19岁,男
431,辽宁,女_15-19岁,1218416,15-19岁,女
432,辽宁,小计_20-24岁,3665298,20-24岁,小计
433,辽宁,男_20-24岁,1865871,20-24岁,男
434,辽宁,女_20-24岁,1799427,20-24岁,女
435,辽宁,小计_25-29岁,3041693,25-29岁,小计
436,辽宁,男_25-29岁,1528615,25-29岁,男
437,辽宁,女_25-29岁,1513078,25-29岁,女
438,辽宁,小计_30-34岁,3275788,30-34岁,小计
439,辽宁,男_30-34岁,1667749,30-34岁,男
440,辽宁,女_30-34岁,1608039,30-34岁,女
441,辽宁,小计_35-39岁,3720098,35-39岁,小计
442,辽宁,男_35-39岁,1897745,35-39岁,男
443,辽宁,女_35-39岁,1822353,35-39岁,女
444,辽宁,小计_40-44岁,4158958,40-44岁,小计
445,辽宁,男_40-44岁,2120659,40-44岁,男
446,辽宁,女_40-44岁,2038299,40-44岁,女
447,辽宁,小计_45-49岁,4266446,45-49岁,小计
448,辽宁,男_45-49岁,2164862,45-49岁,男
449,辽宁,女_45-49岁,2101584,45-49岁,女
450,辽宁,小计_50-54岁,3842788,50-54岁,小计
451,辽宁,男_50-54岁,1936408,50-54岁,男
452,辽宁,女_50-54岁,1906380,50-54岁,女
453,辽宁,小计_55-59岁,3514930,55-59岁,小计
454,辽宁,男_55-59岁,1758634,55-59岁,男
455,辽宁,女_55-59岁,1756296,55-59岁,女
456,辽宁,小计_60-64岁,2241311,60-64岁,小计
457,辽宁,男_60-64岁,1111493,60-64岁,男
458,辽宁,女_60-64岁,1129818,60-64岁,女
459,辽宁,小计_65-69岁,1542718,65-69岁,小计
460,辽宁,男_65-69岁,759576,65-69岁,男
461,辽宁,女_65-69岁,783142,65-69岁,女
462,辽宁,小计_70-74岁,1260721,70-74岁,小计
463,辽宁,男_70-74岁,607155,70-74岁,男
464,辽宁,女_70-74岁,653566,70-74岁,女
465,辽宁,小计_75-79岁,905172,75-79岁,小计
466,辽宁,男_75-79岁,430172,75-79岁,男
467,辽宁,女_75-79岁,475000,75-79岁,女
468,辽宁,小计_80-84岁,525299,80-84岁,小计
469,辽宁,男_80-84岁,248861,80-84岁,男
470,辽宁,女_80-84岁,276438,80-84岁,女
471,辽宁,小计_85-89岁,209064,85-89岁,小计
472,辽宁,男_85-89岁,96304,85-89岁,男
473,辽宁,女_85-89岁,112760,85-89岁,女
474,辽宁,小计_90-94岁,53725,90-94岁,小计
475,辽宁,男_90-94岁,22983,90-94岁,男
476,辽宁,女_90-94岁,30742,90-94岁,女
477,辽宁,小计_95-99岁,11560,95-99岁,小计
478,辽宁,男_95-99岁,4548,95-99岁,男
479,辽宁,女_95-99岁,7012,95-99岁,女
480,辽宁,小计_100岁及以上,1182,100岁及以上,小计
481,辽宁,男_100岁及以上,426,100岁及以上,男
482,辽宁,女_100岁及以上,756,100岁及以上,女
483,吉林,合计,27452815,合计,合计
484,吉林,男_合计,13907218,合计,男
485,吉林,女_合计,13545597,合计,女
486,吉林,小计_0岁,177072,0岁,小计
487,吉林,男_0岁,93211,0岁,男
488,吉林,女_0岁,83861,0岁,女
489,吉林,小计_1-4岁,901944,1-4岁,小计
490,吉林,男_1-4岁,475837,1-4岁,男
491,吉林,女_1-4岁,426107,1-4岁,女
492,吉林,小计_5-9岁,1094295,5-9岁,小计
493,吉林,男_5-9岁,575786,5-9岁,男
494,吉林,女_5-9岁,518509,5-9岁,女
495,吉林,小计_10-14岁,1118204,10-14岁,小计
496,吉林,男_10-14岁,587142,10-14岁,男
497,吉林,女_10-14岁,531062,10-14岁,女
498,吉林,小计_15-19岁,1684347,15-19岁,小计
499,吉林,男_15-19岁,861243,15-19岁,男
500,吉林,女_15-19岁,823104,15-19岁,女
501,吉林,小计_20-24岁,2501314,20-24岁,小计
502,吉林,男_20-24岁,1250052,20-24岁,男
503,吉林,女_20-24岁,1251262,20-24岁,女
504,吉林,小计_25-29岁,1956582,25-29岁,小计
505,吉林,男_25-29岁,979216,25-29岁,男
506,吉林,女_25-29岁,977366,25-29岁,女
507,吉林,小计_30-34岁,2171403,30-34岁,小计
508,吉林,男_30-34岁,1106604,30-34岁,男
509,吉林,女_30-34岁,1064799,30-34岁,女
510,吉林,小计_35-39岁,2557636,35-39岁,小计
511,吉林,男_35-39岁,1302826,35-39岁,男
512,吉林,女_35-39岁,1254810,35-39岁,女
513,吉林,小计_40-44岁,2893132,40-44岁,小计
514,吉林,男_40-44岁,1482282,40-44岁,男
515,吉林,女_40-44岁,1410850,40-44岁,女
516,吉林,小计_45-49岁,2614467,45-49岁,小计
517,吉林,男_45-49岁,1328918,45-49岁,男
518,吉林,女_45-49岁,1285549,45-49岁,女
519,吉林,小计_50-54岁,2150509,50-54岁,小计
520,吉林,男_50-54岁,1088849,50-54岁,男
521,吉林,女_50-54岁,1061660,50-54岁,女
522,吉林,小计_55-59岁,2005362,55-59岁,小计
523,吉林,男_55-59岁,1000457,55-59岁,男
524,吉林,女_55-59岁,1004905,55-59岁,女
525,吉林,小计_60-64岁,1324710,60-64岁,小计
526,吉林,男_60-64岁,653182,60-64岁,男
527,吉林,女_60-64岁,671528,60-64岁,女
528,吉林,小计_65-69岁,837251,65-69岁,小计
529,吉林,男_65-69岁,405421,65-69岁,男
530,吉林,女_65-69岁,431830,65-69岁,女
531,吉林,小计_70-74岁,680192,70-74岁,小计
532,吉林,男_70-74岁,335655,70-74岁,男
533,吉林,女_70-74岁,344537,70-74岁,女
534,吉林,小计_75-79岁,429609,75-79岁,小计
535,吉林,男_75-79岁,208878,75-79岁,男
536,吉林,女_75-79岁,220731,75-79岁,女
537,吉林,小计_80-84岁,232870,80-84岁,小计
538,吉林,男_80-84岁,113923,80-84岁,男
539,吉林,女_80-84岁,118947,80-84岁,女
540,吉林,小计_85-89岁,91293,85-89岁,小计
541,吉林,男_85-89岁,43770,85-89岁,男
542,吉林,女_85-89岁,47523,85-89岁,女
543,吉林,小计_90-94岁,23809,90-94岁,小计
544,吉林,男_90-94岁,10964,90-94岁,男
545,吉林,女_90-94岁,12845,90-94岁,女
546,吉林,小计_95-99岁,6235,95-99岁,小计
547,吉林,男_95-99岁,2754,95-99岁,男
548,吉林,女_95-99岁,3481,95-99岁,女
549,吉林,小计_100岁及以上,579,100岁及以上,小计
550,吉林,男_100岁及以上,248,100岁及以上,男
551,吉林,女_100岁及以上,331,100岁及以上,女
552,黑龙江,合计,38313991,合计,合计
553,黑龙江,男_合计,19426106,合计,男
554,黑龙江,女_合计,18887885,合计,女
555,黑龙江,小计_0岁,248678,0岁,小计
556,黑龙江,男_0岁,131574,0岁,男
557,黑龙江,女_0岁,117104,0岁,女
558,黑龙江,小计_1-4岁,1131065,1-4岁,小计
559,黑龙江,男_1-4岁,593885,1-4岁,男
560,黑龙江,女_1-4岁,537180,1-4岁,女
561,黑龙江,小计_5-9岁,1497236,5-9岁,小计
562,黑龙江,男_5-9岁,782597,5-9岁,男
563,黑龙江,女_5-9岁,714639,5-9岁,女
564,黑龙江,小计_10-14岁,1697462,10-14岁,小计
565,黑龙江,男_10-14岁,882788,10-14岁,男
566,黑龙江,女_10-14岁,814674,10-14岁,女
567,黑龙江,小计_15-19岁,2257881,15-19岁,小计
568,黑龙江,男_15-19岁,1150699,15-19岁,男
569,黑龙江,女_15-19岁,1107182,15-19岁,女
570,黑龙江,小计_20-24岁,3325297,20-24岁,小计
571,黑龙江,男_20-24岁,1670054,20-24岁,男
572,黑龙江,女_20-24岁,1655243,20-24岁,女
573,黑龙江,小计_25-29岁,2816292,25-29岁,小计
574,黑龙江,男_25-29岁,1420146,25-29岁,男
575,黑龙江,女_25-29岁,1396146,25-29岁,女
576,黑龙江,小计_30-34岁,3061423,30-34岁,小计
577,黑龙江,男_30-34岁,1563415,30-34岁,男
578,黑龙江,女_30-34岁,1498008,30-34岁,女
579,黑龙江,小计_35-39岁,3938760,35-39岁,小计
580,黑龙江,男_35-39岁,2019732,35-39岁,男
581,黑龙江,女_35-39岁,1919028,35-39岁,女
582,黑龙江,小计_40-44岁,3992113,40-44岁,小计
583,黑龙江,男_40-44岁,2053208,40-44岁,男
584,黑龙江,女_40-44岁,1938905,40-44岁,女
585,黑龙江,小计_45-49岁,3656130,45-49岁,小计
586,黑龙江,男_45-49岁,1860562,45-49岁,男
587,黑龙江,女_45-49岁,1795568,45-49岁,女
588,黑龙江,小计_50-54岁,3020706,50-54岁,小计
589,黑龙江,男_50-54岁,1527085,50-54岁,男
590,黑龙江,女_50-54岁,1493621,50-54岁,女
591,黑龙江,小计_55-59岁,2678333,55-59岁,小计
592,黑龙江,男_55-59岁,1327094,55-59岁,男
593,黑龙江,女_55-59岁,1351239,55-59岁,女
594,黑龙江,小计_60-64岁,1819301,60-64岁,小计
595,黑龙江,男_60-64岁,891861,60-64岁,男
596,黑龙江,女_60-64岁,927440,60-64岁,女
597,黑龙江,小计_65-69岁,1154779,65-69岁,小计
598,黑龙江,男_65-69岁,553702,65-69岁,男
599,黑龙江,女_65-69岁,601077,65-69岁,女
600,黑龙江,小计_70-74岁,975703,70-74岁,小计
601,黑龙江,男_70-74岁,477163,70-74岁,男
602,黑龙江,女_70-74岁,498540,70-74岁,女
603,黑龙江,小计_75-79岁,593894,75-79岁,小计
604,黑龙江,男_75-79岁,298518,75-79岁,男
605,黑龙江,女_75-79岁,295376,75-79岁,女
606,黑龙江,小计_80-84岁,300777,80-84岁,小计
607,黑龙江,男_80-84岁,152277,80-84岁,男
608,黑龙江,女_80-84岁,148500,80-84岁,女
609,黑龙江,小计_85-89岁,110128,85-89岁,小计
610,黑龙江,男_85-89岁,52917,85-89岁,男
611,黑龙江,女_85-89岁,57211,85-89岁,女
612,黑龙江,小计_90-94岁,29156,90-94岁,小计
613,黑龙江,男_90-94岁,12971,90-94岁,男
614,黑龙江,女_90-94岁,16185,90-94岁,女
615,黑龙江,小计_95-99岁,8389,95-99岁,小计
616,黑龙江,男_95-99岁,3664,95-99岁,男
617,黑龙江,女_95-99岁,4725,95-99岁,女
618,黑龙江,小计_100岁及以上,488,100岁及以上,小计
619,黑龙江,男_100岁及以上,194,100岁及以上,男
620,黑龙江,女_100岁及以上,294,100岁及以上,女
621,上海,合计,23019196,合计,合计
622,上海,男_合计,11854916,合计,男
623,上海,女_合计,11164280,合计,女
624,上海,小计_0岁,128222,0岁,小计
625,上海,男_0岁,67467,0岁,男
626,上海,女_0岁,60755,0岁,女
627,上海,小计_1-4岁,665073,1-4岁,小计
628,上海,男_1-4岁,355124,1-4岁,男
629,上海,女_1-4岁,309949,1-4岁,女
630,上海,小计_5-9岁,632783,5-9岁,小计
631,上海,男_5-9岁,340432,5-9岁,男
632,上海,女_5-9岁,292351,5-9岁,女
633,上海,小计_10-14岁,556781,10-14岁,小计
634,上海,男_10-14岁,294286,10-14岁,男
635,上海,女_10-14岁,262495,10-14岁,女
636,上海,小计_15-19岁,1121172,15-19岁,小计
637,上海,男_15-19岁,575676,15-19岁,男
638,上海,女_15-19岁,545496,15-19岁,女
639,上海,小计_20-24岁,2620370,20-24岁,小计
640,上海,男_20-24岁,1339673,20-24岁,男
641,上海,女_20-24岁,1280697,20-24岁,女
642,上海,小计_25-29岁,2571181,25-29岁,小计
643,上海,男_25-29岁,1319622,25-29岁,男
644,上海,女_25-29岁,1251559,25-29岁,女
645,上海,小计_30-34岁,2128116,30-34岁,小计
646,上海,男_30-34岁,1113853,30-34岁,男
647,上海,女_30-34岁,1014263,30-34岁,女
648,上海,小计_35-39岁,1921297,35-39岁,小计
649,上海,男_35-39岁,1025778,35-39岁,男
650,上海,女_35-39岁,895519,35-39岁,女
651,上海,小计_40-44岁,1877736,40-44岁,小计
652,上海,男_40-44岁,1001047,40-44岁,男
653,上海,女_40-44岁,876689,40-44岁,女
654,上海,小计_45-49岁,1800678,45-49岁,小计
655,上海,男_45-49岁,956736,45-49岁,男
656,上海,女_45-49岁,843942,45-49岁,女
657,上海,小计_50-54岁,1802722,50-54岁,小计
658,上海,男_50-54岁,932637,50-54岁,男
659,上海,女_50-54岁,870085,50-54岁,女
660,上海,小计_55-59岁,1723410,55-59岁,小计
661,上海,男_55-59岁,872884,55-59岁,男
662,上海,女_55-59岁,850526,55-59岁,女
663,上海,小计_60-64岁,1138342,60-64岁,小计
664,上海,男_60-64岁,587260,60-64岁,男
665,上海,女_60-64岁,551082,60-64岁,女
666,上海,小计_65-69岁,665353,65-69岁,小计
667,上海,男_65-69岁,338727,65-69岁,男
668,上海,女_65-69岁,326626,65-69岁,女
669,上海,小计_70-74岁,523047,70-74岁,小计
670,上海,男_70-74岁,251633,70-74岁,男
671,上海,女_70-74岁,271414,70-74岁,女
672,上海,小计_75-79岁,555109,75-79岁,小计
673,上海,男_75-79岁,248892,75-79岁,男
674,上海,女_75-79岁,306217,75-79岁,女
675,上海,小计_80-84岁,351530,80-84岁,小计
676,上海,男_80-84岁,147101,80-84岁,男
677,上海,女_80-84岁,204429,80-84岁,女
678,上海,小计_85-89岁,172942,85-89岁,小计
679,上海,男_85-89岁,65346,85-89岁,男
680,上海,女_85-89岁,107596,85-89岁,女
681,上海,小计_90-94岁,52295,90-94岁,小计
682,上海,男_90-94岁,17479,90-94岁,男
683,上海,女_90-94岁,34816,90-94岁,女
684,上海,小计_95-99岁,10109,95-99岁,小计
685,上海,男_95-99岁,3068,95-99岁,男
686,上海,女_95-99岁,7041,95-99岁,女
687,上海,小计_100岁及以上,928,100岁及以上,小计
688,上海,男_100岁及以上,195,100岁及以上,男
689,上海,女_100岁及以上,733,100岁及以上,女
690,江苏,合计,78660941,合计,合计
691,江苏,男_合计,39626707,合计,男
692,江苏,女_合计,39034234,合计,女
693,江苏,小计_0岁,683985,0岁,小计
694,江苏,男_0岁,367638,0岁,男
695,江苏,女_0岁,316347,0岁,女
696,江苏,小计_1-4岁,3123269,1-4岁,小计
697,江苏,男_1-4岁,1712346,1-4岁,男
698,江苏,女_1-4岁,1410923,1-4岁,女
699,江苏,小计_5-9岁,3207573,5-9岁,小计
700,江苏,男_5-9岁,1754767,5-9岁,男
701,江苏,女_5-9岁,1452806,5-9岁,女
702,江苏,小计_10-14岁,3218657,10-14岁,小计
703,江苏,男_10-14岁,1753098,10-14岁,男
704,江苏,女_10-14岁,1465559,10-14岁,女
705,江苏,小计_15-19岁,5642735,15-19岁,小计
706,江苏,男_15-19岁,2939819,15-19岁,男
707,江苏,女_15-19岁,2702916,15-19岁,女
708,江苏,小计_20-24岁,7783471,20-24岁,小计
709,江苏,男_20-24岁,3887759,20-24岁,男
710,江苏,女_20-24岁,3895712,20-24岁,女
711,江苏,小计_25-29岁,5631916,25-29岁,小计
712,江苏,男_25-29岁,2782481,25-29岁,男
713,江苏,女_25-29岁,2849435,25-29岁,女
714,江苏,小计_30-34岁,5529757,30-34岁,小计
715,江苏,男_30-34岁,2755438,30-34岁,男
716,江苏,女_30-34岁,2774319,30-34岁,女
717,江苏,小计_35-39岁,6405159,35-39岁,小计
718,江苏,男_35-39岁,3185636,35-39岁,男
719,江苏,女_35-39岁,3219523,35-39岁,女
720,江苏,小计_40-44岁,7966614,40-44岁,小计
721,江苏,男_40-44岁,3924609,40-44岁,男
722,江苏,女_40-44岁,4042005,40-44岁,女
723,江苏,小计_45-49岁,6525182,45-49岁,小计
724,江苏,男_45-49岁,3255929,45-49岁,男
725,江苏,女_45-49岁,3269253,45-49岁,女
726,江苏,小计_50-54岁,4938416,50-54岁,小计
727,江苏,男_50-54岁,2510290,50-54岁,男
728,江苏,女_50-54岁,2428126,50-54岁,女
729,江苏,小计_55-59岁,5429570,55-59岁,小计
730,江苏,男_55-59岁,2742953,55-59岁,男
731,江苏,女_55-59岁,2686617,55-59岁,女
732,江苏,小计_60-64岁,4015991,60-64岁,小计
733,江苏,男_60-64岁,2038145,60-64岁,男
734,江苏,女_60-64岁,1977846,60-64岁,女
735,江苏,小计_65-69岁,2878272,65-69岁,小计
736,江苏,男_65-69岁,1454528,65-69岁,男
737,江苏,女_65-69岁,1423744,65-69岁,女
738,江苏,小计_70-74岁,2272319,70-74岁,小计
739,江苏,男_70-74岁,1119522,70-74岁,男
740,江苏,女_70-74岁,1152797,70-74岁,女
741,江苏,小计_75-79岁,1730639,75-79岁,小计
742,江苏,男_75-79岁,794443,75-79岁,男
743,江苏,女_75-79岁,936196,75-79岁,女
744,江苏,小计_80-84岁,1035707,80-84岁,小计
745,江苏,男_80-84岁,428578,80-84岁,男
746,江苏,女_80-84岁,607129,80-84岁,女
747,江苏,小计_85-89岁,476649,85-89岁,小计
748,江苏,男_85-89岁,170336,85-89岁,男
749,江苏,女_85-89岁,306313,85-89岁,女
750,江苏,小计_90-94岁,136102,90-94岁,小计
751,江苏,男_90-94岁,40532,90-94岁,男
752,江苏,女_90-94岁,95570,90-94岁,女
753,江苏,小计_95-99岁,26805,95-99岁,小计
754,江苏,男_95-99岁,7406,95-99岁,男
755,江苏,女_95-99岁,19399,95-99岁,女
756,江苏,小计_100岁及以上,2153,100岁及以上,小计
757,江苏,男_100岁及以上,454,100岁及以上,男
758,江苏,女_100岁及以上,1699,100岁及以上,女
759,浙江,合计,54426891,合计,合计
760,浙江,男_合计,27965641,合计,男
761,浙江,女_合计,26461250,合计,女
762,浙江,小计_0岁,443261,0岁,小计
763,浙江,男_0岁,240036,0岁,男
764,浙江,女_0岁,203225,0岁,女
765,浙江,小计_1-4岁,1990898,1-4岁,小计
766,浙江,男_1-4岁,1065018,1-4岁,男
767,浙江,女_1-4岁,925880,1-4岁,女
768,浙江,小计_5-9岁,2377561,5-9岁,小计
769,浙江,男_5-9岁,1264707,5-9岁,男
770,浙江,女_5-9岁,1112854,5-9岁,女
771,浙江,小计_10-14岁,2377355,10-14岁,小计
772,浙江,男_10-14岁,1260411,10-14岁,男
773,浙江,女_10-14岁,1116944,10-14岁,女
774,浙江,小计_15-19岁,3591687,15-19岁,小计
775,浙江,男_15-19岁,1865826,15-19岁,男
776,浙江,女_15-19岁,1725861,15-19岁,女
777,浙江,小计_20-24岁,4950650,20-24岁,小计
778,浙江,男_20-24岁,2533298,20-24岁,男
779,浙江,女_20-24岁,2417352,20-24岁,女
780,浙江,小计_25-29岁,4466744,25-29岁,小计
781,浙江,男_25-29岁,2279194,25-29岁,男
782,浙江,女_25-29岁,2187550,25-29岁,女
783,浙江,小计_30-34岁,4459956,30-34岁,小计
784,浙江,男_30-34岁,2296739,30-34岁,男
785,浙江,女_30-34岁,2163217,30-34岁,女
786,浙江,小计_35-39岁,5172500,35-39岁,小计
787,浙江,男_35-39岁,2652552,35-39岁,男
788,浙江,女_35-39岁,2519948,35-39岁,女
789,浙江,小计_40-44岁,5475518,40-44岁,小计
790,浙江,男_40-44岁,2793988,40-44岁,男
791,浙江,女_40-44岁,2681530,40-44岁,女
792,浙江,小计_45-49岁,4726043,45-49岁,小计
793,浙江,男_45-49岁,2428602,45-49岁,男
794,浙江,女_45-49岁,2297441,45-49岁,女
795,浙江,小计_50-54岁,3497645,50-54岁,小计
796,浙江,男_50-54岁,1817064,50-54岁,男
797,浙江,女_50-54岁,1680581,50-54岁,女
798,浙江,小计_55-59岁,3338440,55-59岁,小计
799,浙江,男_55-59岁,1701943,55-59岁,男
800,浙江,女_55-59岁,1636497,55-59岁,女
801,浙江,小计_60-64岁,2476958,60-64岁,小计
802,浙江,男_60-64岁,1265067,60-64岁,男
803,浙江,女_60-64岁,1211891,60-64岁,女
804,浙江,小计_65-69岁,1520657,65-69岁,小计
805,浙江,男_65-69岁,784795,65-69岁,男
806,浙江,女_65-69岁,735862,65-69岁,女
807,浙江,小计_70-74岁,1320843,70-74岁,小计
808,浙江,男_70-74岁,679934,70-74岁,男
809,浙江,女_70-74岁,640909,70-74岁,女
810,浙江,小计_75-79岁,1167148,75-79岁,小计
811,浙江,男_75-79岁,570340,75-79岁,男
812,浙江,女_75-79岁,596808,75-79岁,女
813,浙江,小计_80-84岁,679706,80-84岁,小计
814,浙江,男_80-84岁,311543,80-84岁,男
815,浙江,女_80-84岁,368163,80-84岁,女
816,浙江,小计_85-89岁,300824,85-89岁,小计
817,浙江,男_85-89岁,122710,85-89岁,男
818,浙江,女_85-89岁,178114,85-89岁,女
819,浙江,小计_90-94岁,78008,90-94岁,小计
820,浙江,男_90-94岁,27374,90-94岁,男
821,浙江,女_90-94岁,50634,90-94岁,女
822,浙江,小计_95-99岁,13298,95-99岁,小计
823,浙江,男_95-99岁,4192,95-99岁,男
824,浙江,女_95-99岁,9106,95-99岁,女
825,浙江,小计_100岁及以上,1191,100岁及以上,小计
826,浙江,男_100岁及以上,308,100岁及以上,男
827,浙江,女_100岁及以上,883,100岁及以上,女
828,安徽,合计,59500468,合计,合计
829,安徽,男_合计,30245513,合计,男
830,安徽,女_合计,29254955,合计,女
831,安徽,小计_0岁,748259,0岁,小计
832,安徽,男_0岁,421009,0岁,男
833,安徽,女_0岁,327250,0岁,女
834,安徽,小计_1-4岁,2945073,1-4岁,小计
835,安徽,男_1-4岁,1643659,1-4岁,男
836,安徽,女_1-4岁,1301414,1-4岁,女
837,安徽,小计_5-9岁,3325594,5-9岁,小计
838,安徽,男_5-9岁,1844189,5-9岁,男
839,安徽,女_5-9岁,1481405,5-9岁,女
840,安徽,小计_10-14岁,3557210,10-14岁,小计
841,安徽,男_10-14岁,1943519,10-14岁,男
842,安徽,女_10-14岁,1613691,10-14岁,女
843,安徽,小计_15-19岁,4744232,15-19岁,小计
844,安徽,男_15-19岁,2468849,15-19岁,男
845,安徽,女_15-19岁,2275383,15-19岁,女
846,安徽,小计_20-24岁,4912202,20-24岁,小计
847,安徽,男_20-24岁,2353868,20-24岁,男
848,安徽,女_20-24岁,2558334,20-24岁,女
849,安徽,小计_25-29岁,3620338,25-29岁,小计
850,安徽,男_25-29岁,1738599,25-29岁,男
851,安徽,女_25-29岁,1881739,25-29岁,女
852,安徽,小计_30-34岁,4007746,30-34岁,小计
853,安徽,男_30-34岁,1989930,30-34岁,男
854,安徽,女_30-34岁,2017816,30-34岁,女
855,安徽,小计_35-39岁,5351187,35-39岁,小计
856,安徽,男_35-39岁,2672730,35-39岁,男
857,安徽,女_35-39岁,2678457,35-39岁,女
858,安徽,小计_40-44岁,6229450,40-44岁,小计
859,安徽,男_40-44岁,3078803,40-44岁,男
860,安徽,女_40-44岁,3150647,40-44岁,女
861,安徽,小计_45-49岁,4927826,45-49岁,小计
862,安徽,男_45-49岁,2462328,45-49岁,男
863,安徽,女_45-49岁,2465498,45-49岁,女
864,安徽,小计_50-54岁,2558528,50-54岁,小计
865,安徽,男_50-54岁,1324934,50-54岁,男
866,安徽,女_50-54岁,1233594,50-54岁,女
867,安徽,小计_55-59岁,3641290,55-59岁,小计
868,安徽,男_55-59岁,1846009,55-59岁,男
869,安徽,女_55-59岁,1795281,55-59岁,女
870,安徽,小计_60-64岁,2846985,60-64岁,小计
871,安徽,男_60-64岁,1475884,60-64岁,男
872,安徽,女_60-64岁,1371101,60-64岁,女
873,安徽,小计_65-69岁,2207841,65-69岁,小计
874,安徽,男_65-69岁,1150478,65-69岁,男
875,安徽,女_65-69岁,1057363,65-69岁,女
876,安徽,小计_70-74岁,1607207,70-74岁,小计
877,安徽,男_70-74岁,825287,70-74岁,男
878,安徽,女_70-74岁,781920,70-74岁,女
879,安徽,小计_75-79岁,1194893,75-79岁,小计
880,安徽,男_75-79岁,573513,75-79岁,男
881,安徽,女_75-79岁,621380,75-79岁,女
882,安徽,小计_80-84岁,685491,80-84岁,小计
883,安徽,男_80-84岁,296820,80-84岁,男
884,安徽,女_80-84岁,388671,80-84岁,女
885,安徽,小计_85-89岁,297290,85-89岁,小计
886,安徽,男_85-89岁,109030,85-89岁,男
887,安徽,女_85-89岁,188260,85-89岁,女
888,安徽,小计_90-94岁,73716,90-94岁,小计
889,安徽,男_90-94岁,21494,90-94岁,男
890,安徽,女_90-94岁,52222,90-94岁,女
891,安徽,小计_95-99岁,16114,95-99岁,小计
892,安徽,男_95-99岁,4246,95-99岁,男
893,安徽,女_95-99岁,11868,95-99岁,女
894,安徽,小计_100岁及以上,1996,100岁及以上,小计
895,安徽,男_100岁及以上,335,100岁及以上,男
896,安徽,女_100岁及以上,1661,100岁及以上,女
897,福建,合计,36894217,合计,合计
898,福建,男_合计,18981054,合计,男
899,福建,女_合计,17913163,合计,女
900,福建,小计_0岁,400476,0岁,小计
901,福建,男_0岁,222995,0岁,男
902,福建,女_0岁,177481,0岁,女
903,福建,小计_1-4岁,1726787,1-4岁,小计
904,福建,男_1-4岁,957385,1-4岁,男
905,福建,女_1-4岁,769402,1-4岁,女
906,福建,小计_5-9岁,1856796,5-9岁,小计
907,福建,男_5-9岁,1008140,5-9岁,男
908,福建,女_5-9岁,848656,5-9岁,女
909,福建,小计_10-14岁,1721639,10-14岁,小计
910,福建,男_10-14岁,940795,10-14岁,男
911,福建,女_10-14岁,780844,10-14岁,女
912,福建,小计_15-19岁,2816779,15-19岁,小计
913,福建,男_15-19岁,1485493,15-19岁,男
914,福建,女_15-19岁,1331286,15-19岁,女
915,福建,小计_20-24岁,3918540,20-24岁,小计
916,福建,男_20-24岁,1962823,20-24岁,男
917,福建,女_20-24岁,1955717,20-24岁,女
918,福建,小计_25-29岁,3299934,25-29岁,小计
919,福建,男_25-29岁,1661969,25-29岁,男
920,福建,女_25-29岁,1637965,25-29岁,女
921,福建,小计_30-34岁,3048083,30-34岁,小计
922,福建,男_30-34岁,1559374,30-34岁,男
923,福建,女_30-34岁,1488709,30-34岁,女
924,福建,小计_35-39岁,3604164,35-39岁,小计
925,福建,男_35-39岁,1847755,35-39岁,男
926,福建,女_35-39岁,1756409,35-39岁,女
927,福建,小计_40-44岁,3426578,40-44岁,小计
928,福建,男_40-44岁,1751557,40-44岁,男
929,福建,女_40-44岁,1675021,40-44岁,女
930,福建,小计_45-49岁,2781033,45-49岁,小计
931,福建,男_45-49岁,1419803,45-49岁,男
932,福建,女_45-49岁,1361230,45-49岁,女
933,福建,小计_50-54岁,2126496,50-54岁,小计
934,福建,男_50-54岁,1097620,50-54岁,男
935,福建,女_50-54岁,1028876,50-54岁,女
936,福建,小计_55-59岁,1954524,55-59岁,小计
937,福建,男_55-59岁,989791,55-59岁,男
938,福建,女_55-59岁,964733,55-59岁,女
939,福建,小计_60-64岁,1300258,60-64岁,小计
940,福建,男_60-64岁,677823,60-64岁,男
941,福建,女_60-64岁,622435,60-64岁,女
942,福建,小计_65-69岁,910859,65-69岁,小计
943,福建,男_65-69岁,475129,65-69岁,男
944,福建,女_65-69岁,435730,65-69岁,女
945,福建,小计_70-74岁,795172,70-74岁,小计
946,福建,男_70-74岁,400388,70-74岁,男
947,福建,女_70-74岁,394784,70-74岁,女
948,福建,小计_75-79岁,603599,75-79岁,小计
949,福建,男_75-79岁,282423,75-79岁,男
950,福建,女_75-79岁,321176,75-79岁,女
951,福建,小计_80-84岁,379313,80-84岁,小计
952,福建,男_80-84岁,162540,80-84岁,男
953,福建,女_80-84岁,216773,80-84岁,女
954,福建,小计_85-89岁,162949,85-89岁,小计
955,福建,男_85-89岁,59577,85-89岁,男
956,福建,女_85-89岁,103372,85-89岁,女
957,福建,小计_90-94岁,48476,90-94岁,小计
958,福建,男_90-94岁,14709,90-94岁,男
959,福建,女_90-94岁,33767,90-94岁,女
960,福建,小计_95-99岁,10704,95-99岁,小计
961,福建,男_95-99岁,2744,95-99岁,男
962,福建,女_95-99岁,7960,95-99岁,女
963,福建,小计_100岁及以上,1058,100岁及以上,小计
964,福建,男_100岁及以上,221,100岁及以上,男
965,福建,女_100岁及以上,837,100岁及以上,女
966,江西,合计,44567797,合计,合计
967,江西,男_合计,23003521,合计,男
968,江西,女_合计,21564276,合计,女
969,江西,小计_0岁,578832,0岁,小计
970,江西,男_0岁,319203,0岁,男
971,江西,女_0岁,259629,0岁,女
972,江西,小计_1-4岁,2883942,1-4岁,小计
973,江西,男_1-4岁,1639432,1-4岁,男
974,江西,女_1-4岁,1244510,1-4岁,女
975,江西,小计_5-9岁,3232057,5-9岁,小计
976,江西,男_5-9岁,1835120,5-9岁,男
977,江西,女_5-9岁,1396937,5-9岁,女
978,江西,小计_10-14岁,3067402,10-14岁,小计
979,江西,男_10-14岁,1718186,10-14岁,男
980,江西,女_10-14岁,1349216,10-14岁,女
981,江西,小计_15-19岁,3425991,15-19岁,小计
982,江西,男_15-19岁,1834229,15-19岁,男
983,江西,女_15-19岁,1591762,15-19岁,女
984,江西,小计_20-24岁,4025717,20-24岁,小计
985,江西,男_20-24岁,1992465,20-24岁,男
986,江西,女_20-24岁,2033252,20-24岁,女
987,江西,小计_25-29岁,3032051,25-29岁,小计
988,江西,男_25-29岁,1466019,25-29岁,男
989,江西,女_25-29岁,1566032,25-29岁,女
990,江西,小计_30-34岁,3592953,30-34岁,小计
991,江西,男_30-34岁,1779553,30-34岁,男
992,江西,女_30-34岁,1813400,30-34岁,女
993,江西,小计_35-39岁,4029729,35-39岁,小计
994,江西,男_35-39岁,2032118,35-39岁,男
995,江西,女_35-39岁,1997611,35-39岁,女
996,江西,小计_40-44岁,3780745,40-44岁,小计
997,江西,男_40-44岁,1913047,40-44岁,男
998,江西,女_40-44岁,1867698,40-44岁,女
999,江西,小计_45-49岁,3049892,45-49岁,小计
1000,江西,男_45-49岁,1540906,45-49岁,男
1001,江西,女_45-49岁,1508986,45-49岁,女
1002,江西,小计_50-54岁,2471918,50-54岁,小计
1003,江西,男_50-54岁,1256966,50-54岁,男
1004,江西,女_50-54岁,1214952,50-54岁,女
1005,江西,小计_55-59岁,2297310,55-59岁,小计
1006,江西,男_55-59岁,1167310,55-59岁,男
1007,江西,女_55-59岁,1130000,55-59岁,女
1008,江西,小计_60-64岁,1710957,60-64岁,小计
1009,江西,男_60-64岁,878288,60-64岁,男
1010,江西,女_60-64岁,832669,60-64岁,女
1011,江西,小计_65-69岁,1143769,65-69岁,小计
1012,江西,男_65-69岁,582238,65-69岁,男
1013,江西,女_65-69岁,561531,65-69岁,女
1014,江西,小计_70-74岁,990367,70-74岁,小计
1015,江西,男_70-74岁,490625,70-74岁,男
1016,江西,女_70-74岁,499742,70-74岁,女
1017,江西,小计_75-79岁,669606,75-79岁,小计
1018,江西,男_75-79岁,314505,75-79岁,男
1019,江西,女_75-79岁,355101,75-79岁,女
1020,江西,小计_80-84岁,370766,80-84岁,小计
1021,江西,男_80-84岁,163313,80-84岁,男
1022,江西,女_80-84岁,207453,80-84岁,女
1023,江西,小计_85-89岁,161919,85-89岁,小计
1024,江西,男_85-89岁,62894,85-89岁,男
1025,江西,女_85-89岁,99025,85-89岁,女
1026,江西,小计_90-94岁,41959,90-94岁,小计
1027,江西,男_90-94岁,13840,90-94岁,男
1028,江西,女_90-94岁,28119,90-94岁,女
1029,江西,小计_95-99岁,9316,95-99岁,小计
1030,江西,男_95-99岁,3102,95-99岁,男
1031,江西,女_95-99岁,6214,95-99岁,女
1032,江西,小计_100岁及以上,599,100岁及以上,小计
1033,江西,男_100岁及以上,162,100岁及以上,男
1034,江西,女_100岁及以上,437,100岁及以上,女
1035,山东,合计,95792719,合计,合计
1036,山东,男_合计,48446944,合计,男
1037,山东,女_合计,47345775,合计,女
1038,山东,小计_0岁,980428,0岁,小计
1039,山东,男_0岁,533599,0岁,男
1040,山东,女_0岁,446829,0岁,女
1041,山东,小计_1-4岁,4354309,1-4岁,小计
1042,山东,男_1-4岁,2404250,1-4岁,男
1043,山东,女_1-4岁,1950059,1-4岁,女
1044,山东,小计_5-9岁,4967926,5-9岁,小计
1045,山东,男_5-9岁,2672557,5-9岁,男
1046,山东,女_5-9岁,2295369,5-9岁,女
1047,山东,小计_10-14岁,4771546,10-14岁,小计
1048,山东,男_10-14岁,2538286,10-14岁,男
1049,山东,女_10-14岁,2233260,10-14岁,女
1050,山东,小计_15-19岁,5461457,15-19岁,小计
1051,山东,男_15-19岁,2854002,15-19岁,男
1052,山东,女_15-19岁,2607455,15-19岁,女
1053,山东,小计_20-24岁,9485391,20-24岁,小计
1054,山东,男_20-24岁,4777476,20-24岁,男
1055,山东,女_20-24岁,4707915,20-24岁,女
1056,山东,小计_25-29岁,6937780,25-29岁,小计
1057,山东,男_25-29岁,3464999,25-29岁,男
1058,山东,女_25-29岁,3472781,25-29岁,女
1059,山东,小计_30-34岁,6501667,30-34岁,小计
1060,山东,男_30-34岁,3276452,30-34岁,男
1061,山东,女_30-34岁,3225215,30-34岁,女
1062,山东,小计_35-39岁,7911653,35-39岁,小计
1063,山东,男_35-39岁,4003096,35-39岁,男
1064,山东,女_35-39岁,3908557,35-39岁,女
1065,山东,小计_40-44岁,9326952,40-44岁,小计
1066,山东,男_40-44岁,4683874,40-44岁,男
1067,山东,女_40-44岁,4643078,40-44岁,女
1068,山东,小计_45-49岁,8075051,45-49岁,小计
1069,山东,男_45-49岁,4008907,45-49岁,男
1070,山东,女_45-49岁,4066144,45-49岁,女
1071,山东,小计_50-54岁,6253297,50-54岁,小计
1072,山东,男_50-54岁,3163552,50-54岁,男
1073,山东,女_50-54岁,3089745,50-54岁,女
1074,山东,小计_55-59岁,6634801,55-59岁,小计
1075,山东,男_55-59岁,3333497,55-59岁,男
1076,山东,女_55-59岁,3301304,55-59岁,女
1077,山东,小计_60-64岁,4700775,60-64岁,小计
1078,山东,男_60-64岁,2344826,60-64岁,男
1079,山东,女_60-64岁,2355949,60-64岁,女
1080,山东,小计_65-69岁,3146472,65-69岁,小计
1081,山东,男_65-69岁,1566196,65-69岁,男
1082,山东,女_65-69岁,1580276,65-69岁,女
1083,山东,小计_70-74岁,2496437,70-74岁,小计
1084,山东,男_70-74岁,1223554,70-74岁,男
1085,山东,女_70-74岁,1272883,70-74岁,女
1086,山东,小计_75-79岁,1965207,75-79岁,小计
1087,山东,男_75-79岁,895661,75-79岁,男
1088,山东,女_75-79岁,1069546,75-79岁,女
1089,山东,小计_80-84岁,1158994,80-84岁,小计
1090,山东,男_80-84岁,476302,80-84岁,男
1091,山东,女_80-84岁,682692,80-84岁,女
1092,山东,小计_85-89岁,488365,85-89岁,小计
1093,山东,男_85-89岁,174092,85-89岁,男
1094,山东,女_85-89岁,314273,85-89岁,女
1095,山东,小计_90-94岁,142128,90-94岁,小计
1096,山东,男_90-94岁,43107,90-94岁,男
1097,山东,女_90-94岁,99021,90-94岁,女
1098,山东,小计_95-99岁,29384,95-99岁,小计
1099,山东,男_95-99岁,8026,95-99岁,男
1100,山东,女_95-99岁,21358,95-99岁,女
1101,山东,小计_100岁及以上,2699,100岁及以上,小计
1102,山东,男_100岁及以上,633,100岁及以上,男
1103,山东,女_100岁及以上,2066,100岁及以上,女
1104,河南,合计,94029939,合计,合计
1105,河南,男_合计,47493063,合计,男
1106,河南,女_合计,46536876,合计,女
1107,河南,小计_0岁,1043852,0岁,小计
1108,河南,男_0岁,564511,0岁,男
1109,河南,女_0岁,479341,0岁,女
1110,河南,小计_1-4岁,6063217,1-4岁,小计
1111,河南,男_1-4岁,3387106,1-4岁,男
1112,河南,女_1-4岁,2676111,1-4岁,女
1113,河南,小计_5-9岁,6480010,5-9岁,小计
1114,河南,男_5-9岁,3655027,5-9岁,男
1115,河南,女_5-9岁,2824983,5-9岁,女
1116,河南,小计_10-14岁,6160239,10-14岁,小计
1117,河南,男_10-14岁,3414352,10-14岁,男
1118,河南,女_10-14岁,2745887,10-14岁,女
1119,河南,小计_15-19岁,7418890,15-19岁,小计
1120,河南,男_15-19岁,3861615,15-19岁,男
1121,河南,女_15-19岁,3557275,15-19岁,女
1122,河南,小计_20-24岁,9611242,20-24岁,小计
1123,河南,男_20-24岁,4641380,20-24岁,男
1124,河南,女_20-24岁,4969862,20-24岁,女
1125,河南,小计_25-29岁,6125379,25-29岁,小计
1126,河南,男_25-29岁,2934786,25-29岁,男
1127,河南,女_25-29岁,3190593,25-29岁,女
1128,河南,小计_30-34岁,5997389,30-34岁,小计
1129,河南,男_30-34岁,2948021,30-34岁,男
1130,河南,女_30-34岁,3049368,30-34岁,女
1131,河南,小计_35-39岁,7374290,35-39岁,小计
1132,河南,男_35-39岁,3683925,35-39岁,男
1133,河南,女_35-39岁,3690365,35-39岁,女
1134,河南,小计_40-44岁,8331878,40-44岁,小计
1135,河南,男_40-44岁,4087217,40-44岁,男
1136,河南,女_40-44岁,4244661,40-44岁,女
1137,河南,小计_45-49岁,6859450,45-49岁,小计
1138,河南,男_45-49岁,3329233,45-49岁,男
1139,河南,女_45-49岁,3530217,45-49岁,女
1140,河南,小计_50-54岁,4915502,50-54岁,小计
1141,河南,男_50-54岁,2431122,50-54岁,男
1142,河南,女_50-54岁,2484380,50-54岁,女
1143,河南,小计_55-59岁,5680391,55-59岁,小计
1144,河南,男_55-59岁,2823720,55-59岁,男
1145,河南,女_55-59岁,2856671,55-59岁,女
1146,河南,小计_60-64岁,4108866,60-64岁,小计
1147,河南,男_60-64岁,2069949,60-64岁,男
1148,河南,女_60-64岁,2038917,60-64岁,女
1149,河南,小计_65-69岁,2803020,65-69岁,小计
1150,河南,男_65-69岁,1392429,65-69岁,男
1151,河南,女_65-69岁,1410591,65-69岁,女
1152,河南,小计_70-74岁,2091708,70-74岁,小计
1153,河南,男_70-74岁,1021455,70-74岁,男
1154,河南,女_70-74岁,1070253,70-74岁,女
1155,河南,小计_75-79岁,1572918,75-79岁,小计
1156,河南,男_75-79岁,714570,75-79岁,男
1157,河南,女_75-79岁,858348,75-79岁,女
1158,河南,小计_80-84岁,873698,80-84岁,小计
1159,河南,男_80-84岁,363668,80-84岁,男
1160,河南,女_80-84岁,510030,80-84岁,女
1161,河南,小计_85-89岁,379099,85-89岁,小计
1162,河南,男_85-89岁,131034,85-89岁,男
1163,河南,女_85-89岁,248065,85-89岁,女
1164,河南,小计_90-94岁,109292,90-94岁,小计
1165,河南,男_90-94岁,30531,90-94岁,男
1166,河南,女_90-94岁,78761,90-94岁,女
1167,河南,小计_95-99岁,26668,95-99岁,小计
1168,河南,男_95-99岁,6738,95-99岁,男
1169,河南,女_95-99岁,19930,95-99岁,女
1170,河南,小计_100岁及以上,2941,100岁及以上,小计
1171,河南,男_100岁及以上,674,100岁及以上,男
1172,河南,女_100岁及以上,2267,100岁及以上,女
1173,湖北,合计,57237727,合计,合计
1174,湖北,男_合计,29391247,合计,男
1175,湖北,女_合计,27846480,合计,女
1176,湖北,小计_0岁,590805,0岁,小计
1177,湖北,男_0岁,327178,0岁,男
1178,湖北,女_0岁,263627,0岁,女
1179,湖北,小计_1-4岁,2389245,1-4岁,小计
1180,湖北,男_1-4岁,1319597,1-4岁,男
1181,湖北,女_1-4岁,1069648,1-4岁,女
1182,湖北,小计_5-9岁,2461063,5-9岁,小计
1183,湖北,男_5-9岁,1361844,5-9岁,男
1184,湖北,女_5-9岁,1099219,5-9岁,女
1185,湖北,小计_10-14岁,2522695,10-14岁,小计
1186,湖北,男_10-14岁,1406696,10-14岁,男
1187,湖北,女_10-14岁,1115999,10-14岁,女
1188,湖北,小计_15-19岁,4806737,15-19岁,小计
1189,湖北,男_15-19岁,2560263,15-19岁,男
1190,湖北,女_15-19岁,2246474,15-19岁,女
1191,湖北,小计_20-24岁,5584166,20-24岁,小计
1192,湖北,男_20-24岁,2794304,20-24岁,男
1193,湖北,女_20-24岁,2789862,20-24岁,女
1194,湖北,小计_25-29岁,4019964,25-29岁,小计
1195,湖北,男_25-29岁,1984503,25-29岁,男
1196,湖北,女_25-29岁,2035461,25-29岁,女
1197,湖北,小计_30-34岁,3918104,30-34岁,小计
1198,湖北,男_30-34岁,1976252,30-34岁,男
1199,湖北,女_30-34岁,1941852,30-34岁,女
1200,湖北,小计_35-39岁,4857877,35-39岁,小计
1201,湖北,男_35-39岁,2465831,35-39岁,男
1202,湖北,女_35-39岁,2392046,35-39岁,女
1203,湖北,小计_40-44岁,5616356,40-44岁,小计
1204,湖北,男_40-44岁,2862689,40-44岁,男
1205,湖北,女_40-44岁,2753667,40-44岁,女
1206,湖北,小计_45-49岁,5108599,45-49岁,小计
1207,湖北,男_45-49岁,2610967,45-49岁,男
1208,湖北,女_45-49岁,2497632,45-49岁,女
1209,湖北,小计_50-54岁,3699126,50-54岁,小计
1210,湖北,男_50-54岁,1893401,50-54岁,男
1211,湖北,女_50-54岁,1805725,50-54岁,女
1212,湖北,小计_55-59岁,3689032,55-59岁,小计
1213,湖北,男_55-59岁,1882390,55-59岁,男
1214,湖北,女_55-59岁,1806642,55-59岁,女
1215,湖北,小计_60-64岁,2772064,60-64岁,小计
1216,湖北,男_60-64岁,1428267,60-64岁,男
1217,湖北,女_60-64岁,1343797,60-64岁,女
1218,湖北,小计_65-69岁,1923354,65-69岁,小计
1219,湖北,男_65-69岁,982209,65-69岁,男
1220,湖北,女_65-69岁,941145,65-69岁,女
1221,湖北,小计_70-74岁,1428361,70-74岁,小计
1222,湖北,男_70-74岁,710557,70-74岁,男
1223,湖北,女_70-74岁,717804,70-74岁,女
1224,湖北,小计_75-79岁,1043510,75-79岁,小计
1225,湖北,男_75-79岁,493262,75-79岁,男
1226,湖北,女_75-79岁,550248,75-79岁,女
1227,湖北,小计_80-84岁,516297,80-84岁,小计
1228,湖北,男_80-84岁,226131,80-84岁,男
1229,湖北,女_80-84岁,290166,80-84岁,女
1230,湖北,小计_85-89岁,222701,85-89岁,小计
1231,湖北,男_85-89岁,83013,85-89岁,男
1232,湖北,女_85-89岁,139688,85-89岁,女
1233,湖北,小计_90-94岁,53062,90-94岁,小计
1234,湖北,男_90-94岁,17122,90-94岁,男
1235,湖北,女_90-94岁,35940,90-94岁,女
1236,湖北,小计_95-99岁,13783,95-99岁,小计
1237,湖北,男_95-99岁,4574,95-99岁,男
1238,湖北,女_95-99岁,9209,95-99岁,女
1239,湖北,小计_100岁及以上,826,100岁及以上,小计
1240,湖北,男_100岁及以上,197,100岁及以上,男
1241,湖北,女_100岁及以上,629,100岁及以上,女
1242,湖南,合计,65700762,合计,合计
1243,湖南,男_合计,33776459,合计,男
1244,湖南,女_合计,31924303,合计,女
1245,湖南,小计_0岁,795454,0岁,小计
1246,湖南,男_0岁,439116,0岁,男
1247,湖南,女_0岁,356338,0岁,女
1248,湖南,小计_1-4岁,3390387,1-4岁,小计
1249,湖南,男_1-4岁,1853393,1-4岁,男
1250,湖南,女_1-4岁,1536994,1-4岁,女
1251,湖南,小计_5-9岁,3925321,5-9岁,小计
1252,湖南,男_5-9岁,2165639,5-9岁,男
1253,湖南,女_5-9岁,1759682,5-9岁,女
1254,湖南,小计_10-14岁,3465353,10-14岁,小计
1255,湖南,男_10-14岁,1879394,10-14岁,男
1256,湖南,女_10-14岁,1585959,10-14岁,女
1257,湖南,小计_15-19岁,4183927,15-19岁,小计
1258,湖南,男_15-19岁,2175503,15-19岁,男
1259,湖南,女_15-19岁,2008424,15-19岁,女
1260,湖南,小计_20-24岁,6148485,20-24岁,小计
1261,湖南,男_20-24岁,3031499,20-24岁,男
1262,湖南,女_20-24岁,3116986,20-24岁,女
1263,湖南,小计_25-29岁,4739884,25-29岁,小计
1264,湖南,男_25-29岁,2321047,25-29岁,男
1265,湖南,女_25-29岁,2418837,25-29岁,女
1266,湖南,小计_30-34岁,4329801,30-34岁,小计
1267,湖南,男_30-34岁,2178922,30-34岁,男
1268,湖南,女_30-34岁,2150879,30-34岁,女
1269,湖南,小计_35-39岁,5698032,35-39岁,小计
1270,湖南,男_35-39岁,2944331,35-39岁,男
1271,湖南,女_35-39岁,2753701,35-39岁,女
1272,湖南,小计_40-44岁,6403343,40-44岁,小计
1273,湖南,男_40-44岁,3272744,40-44岁,男
1274,湖南,女_40-44岁,3130599,40-44岁,女
1275,湖南,小计_45-49岁,5350689,45-49岁,小计
1276,湖南,男_45-49岁,2732405,45-49岁,男
1277,湖南,女_45-49岁,2618284,45-49岁,女
1278,湖南,小计_50-54岁,3649926,50-54岁,小计
1279,湖南,男_50-54岁,1892152,50-54岁,男
1280,湖南,女_50-54岁,1757774,50-54岁,女
1281,湖南,小计_55-59岁,4064307,55-59岁,小计
1282,湖南,男_55-59岁,2082980,55-59岁,男
1283,湖南,女_55-59岁,1981327,55-59岁,女
1284,湖南,小计_60-64岁,3136492,60-64岁,小计
1285,湖南,男_60-64岁,1631170,60-64岁,男
1286,湖南,女_60-64岁,1505322,60-64岁,女
1287,湖南,小计_65-69岁,2104528,65-69岁,小计
1288,湖南,男_65-69岁,1099436,65-69岁,男
1289,湖南,女_65-69岁,1005092,65-69岁,女
1290,湖南,小计_70-74岁,1879283,70-74岁,小计
1291,湖南,男_70-74岁,960089,70-74岁,男
1292,湖南,女_70-74岁,919194,70-74岁,女
1293,湖南,小计_75-79岁,1306861,75-79岁,小计
1294,湖南,男_75-79岁,631505,75-79岁,男
1295,湖南,女_75-79岁,675356,75-79岁,女
1296,湖南,小计_80-84岁,730300,80-84岁,小计
1297,湖南,男_80-84岁,331161,80-84岁,男
1298,湖南,女_80-84岁,399139,80-84岁,女
1299,湖南,小计_85-89岁,300139,85-89岁,小计
1300,湖南,男_85-89岁,119866,85-89岁,男
1301,湖南,女_85-89岁,180273,85-89岁,女
1302,湖南,小计_90-94岁,77844,90-94岁,小计
1303,湖南,男_90-94岁,27252,90-94岁,男
1304,湖南,女_90-94岁,50592,90-94岁,女
1305,湖南,小计_95-99岁,18809,95-99岁,小计
1306,湖南,男_95-99岁,6467,95-99岁,男
1307,湖南,女_95-99岁,12342,95-99岁,女
1308,湖南,小计_100岁及以上,1597,100岁及以上,小计
1309,湖南,男_100岁及以上,388,100岁及以上,男
1310,湖南,女_100岁及以上,1209,100岁及以上,女
1311,广东,合计,104320459,合计,合计
1312,广东,男_合计,54400538,合计,男
1313,广东,女_合计,49919921,合计,女
1314,广东,小计_0岁,1081126,0岁,小计
1315,广东,男_0岁,590546,0岁,男
1316,广东,女_0岁,490580,0岁,女
1317,广东,小计_1-4岁,4543610,1-4岁,小计
1318,广东,男_1-4岁,2504890,1-4岁,男
1319,广东,女_1-4岁,2038720,1-4岁,女
1320,广东,小计_5-9岁,5167116,5-9岁,小计
1321,广东,男_5-9岁,2876896,5-9岁,男
1322,广东,女_5-9岁,2290220,5-9岁,女
1323,广东,小计_10-14岁,6812178,10-14岁,小计
1324,广东,男_10-14岁,3729615,10-14岁,男
1325,广东,女_10-14岁,3082563,10-14岁,女
1326,广东,小计_15-19岁,9989559,15-19岁,小计
1327,广东,男_15-19岁,5193402,15-19岁,男
1328,广东,女_15-19岁,4796157,15-19岁,女
1329,广东,小计_20-24岁,12275490,20-24岁,小计
1330,广东,男_20-24岁,6297809,20-24岁,男
1331,广东,女_20-24岁,5977681,20-24岁,女
1332,广东,小计_25-29岁,10621267,25-29岁,小计
1333,广东,男_25-29岁,5535552,25-29岁,男
1334,广东,女_25-29岁,5085715,25-29岁,女
1335,广东,小计_30-34岁,8934834,30-34岁,小计
1336,广东,男_30-34岁,4702015,30-34岁,男
1337,广东,女_30-34岁,4232819,30-34岁,女
1338,广东,小计_35-39岁,9533299,35-39岁,小计
1339,广东,男_35-39岁,4958950,35-39岁,男
1340,广东,女_35-39岁,4574349,35-39岁,女
1341,广东,小计_40-44岁,8864774,40-44岁,小计
1342,广东,男_40-44岁,4588317,40-44岁,男
1343,广东,女_40-44岁,4276457,40-44岁,女
1344,广东,小计_45-49岁,7046805,45-49岁,小计
1345,广东,男_45-49岁,3687090,45-49岁,男
1346,广东,女_45-49岁,3359715,45-49岁,女
1347,广东,小计_50-54岁,4898765,50-54岁,小计
1348,广东,男_50-54岁,2553947,50-54岁,男
1349,广东,女_50-54岁,2344818,50-54岁,女
1350,广东,小计_55-59岁,4399245,55-59岁,小计
1351,广东,男_55-59岁,2246294,55-59岁,男
1352,广东,女_55-59岁,2152951,55-59岁,女
1353,广东,小计_60-64岁,3066241,60-64岁,小计
1354,广东,男_60-64岁,1598914,60-64岁,男
1355,广东,女_60-64岁,1467327,60-64岁,女
1356,广东,小计_65-69岁,2167799,65-69岁,小计
1357,广东,男_65-69岁,1111111,65-69岁,男
1358,广东,女_65-69岁,1056688,65-69岁,女
1359,广东,小计_70-74岁,1911014,70-74岁,小计
1360,广东,男_70-74岁,951903,70-74岁,男
1361,广东,女_70-74岁,959111,70-74岁,女
1362,广东,小计_75-79岁,1493634,75-79岁,小计
1363,广东,男_75-79岁,682950,75-79岁,男
1364,广东,女_75-79岁,810684,75-79岁,女
1365,广东,小计_80-84岁,903014,80-84岁,小计
1366,广东,男_80-84岁,380639,80-84岁,男
1367,广东,女_80-84岁,522375,80-84岁,女
1368,广东,小计_85-89岁,421972,85-89岁,小计
1369,广东,男_85-89岁,152671,85-89岁,男
1370,广东,女_85-89岁,269301,85-89岁,女
1371,广东,小计_90-94岁,142326,90-94岁,小计
1372,广东,男_90-94岁,43680,90-94岁,男
1373,广东,女_90-94岁,98646,90-94岁,女
1374,广东,小计_95-99岁,42091,95-99岁,小计
1375,广东,男_95-99岁,12481,95-99岁,男
1376,广东,女_95-99岁,29610,95-99岁,女
1377,广东,小计_100岁及以上,4300,100岁及以上,小计
1378,广东,男_100岁及以上,866,100岁及以上,男
1379,广东,女_100岁及以上,3434,100岁及以上,女
1380,广西,合计,46023761,合计,合计
1381,广西,男_合计,23924704,合计,男
1382,广西,女_合计,22099057,合计,女
1383,广西,小计_0岁,712891,0岁,小计
1384,广西,男_0岁,392805,0岁,男
1385,广西,女_0岁,320086,0岁,女
1386,广西,小计_1-4岁,2807588,1-4岁,小计
1387,广西,男_1-4岁,1531191,1-4岁,男
1388,广西,女_1-4岁,1276397,1-4岁,女
1389,广西,小计_5-9岁,3318290,5-9岁,小计
1390,广西,男_5-9岁,1791975,5-9岁,男
1391,广西,女_5-9岁,1526315,5-9岁,女
1392,广西,小计_10-14岁,3152052,10-14岁,小计
1393,广西,男_10-14岁,1707841,10-14岁,男
1394,广西,女_10-14岁,1444211,10-14岁,女
1395,广西,小计_15-19岁,3429296,15-19岁,小计
1396,广西,男_15-19岁,1825863,15-19岁,男
1397,广西,女_15-19岁,1603433,15-19岁,女
1398,广西,小计_20-24岁,3853883,20-24岁,小计
1399,广西,男_20-24岁,1987801,20-24岁,男
1400,广西,女_20-24岁,1866082,20-24岁,女
1401,广西,小计_25-29岁,3657034,25-29岁,小计
1402,广西,男_25-29岁,1875290,25-29岁,男
1403,广西,女_25-29岁,1781744,25-29岁,女
1404,广西,小计_30-34岁,3481060,30-34岁,小计
1405,广西,男_30-34岁,1800487,30-34岁,男
1406,广西,女_30-34岁,1680573,30-34岁,女
1407,广西,小计_35-39岁,3716207,35-39岁,小计
1408,广西,男_35-39岁,1947361,35-39岁,男
1409,广西,女_35-39岁,1768846,35-39岁,女
1410,广西,小计_40-44岁,3793212,40-44岁,小计
1411,广西,男_40-44岁,1997311,40-44岁,男
1412,广西,女_40-44岁,1795901,40-44岁,女
1413,广西,小计_45-49岁,3290568,45-49岁,小计
1414,广西,男_45-49岁,1718836,45-49岁,男
1415,广西,女_45-49岁,1571732,45-49岁,女
1416,广西,小计_50-54岁,2377129,50-54岁,小计
1417,广西,男_50-54岁,1224675,50-54岁,男
1418,广西,女_50-54岁,1152454,50-54岁,女
1419,广西,小计_55-59岁,2398317,55-59岁,小计
1420,广西,男_55-59岁,1224627,55-59岁,男
1421,广西,女_55-59岁,1173690,55-59岁,女
1422,广西,小计_60-64岁,1783313,60-64岁,小计
1423,广西,男_60-64岁,915051,60-64岁,男
1424,广西,女_60-64岁,868262,60-64岁,女
1425,广西,小计_65-69岁,1406191,65-69岁,小计
1426,广西,男_65-69岁,698327,65-69岁,男
1427,广西,女_65-69岁,707864,65-69岁,女
1428,广西,小计_70-74岁,1171256,70-74岁,小计
1429,广西,男_70-74岁,569394,70-74岁,男
1430,广西,女_70-74岁,601862,70-74岁,女
1431,广西,小计_75-79岁,859470,75-79岁,小计
1432,广西,男_75-79岁,392390,75-79岁,男
1433,广西,女_75-79岁,467080,75-79岁,女
1434,广西,小计_80-84岁,490626,80-84岁,小计
1435,广西,男_80-84岁,208789,80-84岁,男
1436,广西,女_80-84岁,281837,80-84岁,女
1437,广西,小计_85-89岁,219115,85-89岁,小计
1438,广西,男_85-89岁,81769,85-89岁,男
1439,广西,女_85-89岁,137346,85-89岁,女
1440,广西,小计_90-94岁,79773,90-94岁,小计
1441,广西,男_90-94岁,25432,90-94岁,男
1442,广西,女_90-94岁,54341,90-94岁,女
1443,广西,小计_95-99岁,23513,95-99岁,小计
1444,广西,男_95-99岁,6881,95-99岁,男
1445,广西,女_95-99岁,16632,95-99岁,女
1446,广西,小计_100岁及以上,2977,100岁及以上,小计
1447,广西,男_100岁及以上,608,100岁及以上,男
1448,广西,女_100岁及以上,2369,100岁及以上,女
1449,海南,合计,8671485,合计,合计
1450,海南,男_合计,4592283,合计,男
1451,海南,女_合计,4079202,合计,女
1452,海南,小计_0岁,120973,0岁,小计
1453,海南,男_0岁,67323,0岁,男
1454,海南,女_0岁,53650,0岁,女
1455,海南,小计_1-4岁,483567,1-4岁,小计
1456,海南,男_1-4岁,268681,1-4岁,男
1457,海南,女_1-4岁,214886,1-4岁,女
1458,海南,小计_5-9岁,535731,5-9岁,小计
1459,海南,男_5-9岁,300832,5-9岁,男
1460,海南,女_5-9岁,234899,5-9岁,女
1461,海南,小计_10-14岁,575072,10-14岁,小计
1462,海南,男_10-14岁,325169,10-14岁,男
1463,海南,女_10-14岁,249903,10-14岁,女
1464,海南,小计_15-19岁,782459,15-19岁,小计
1465,海南,男_15-19岁,415119,15-19岁,男
1466,海南,女_15-19岁,367340,15-19岁,女
1467,海南,小计_20-24岁,807157,20-24岁,小计
1468,海南,男_20-24岁,415337,20-24岁,男
1469,海南,女_20-24岁,391820,20-24岁,女
1470,海南,小计_25-29岁,773022,25-29岁,小计
1471,海南,男_25-29岁,399870,25-29岁,男
1472,海南,女_25-29岁,373152,25-29岁,女
1473,海南,小计_30-34岁,675851,30-34岁,小计
1474,海南,男_30-34岁,356762,30-34岁,男
1475,海南,女_30-34岁,319089,30-34岁,女
1476,海南,小计_35-39岁,703749,35-39岁,小计
1477,海南,男_35-39岁,375556,35-39岁,男
1478,海南,女_35-39岁,328193,35-39岁,女
1479,海南,小计_40-44岁,730966,40-44岁,小计
1480,海南,男_40-44岁,391670,40-44岁,男
1481,海南,女_40-44岁,339296,40-44岁,女
1482,海南,小计_45-49岁,665487,45-49岁,小计
1483,海南,男_45-49岁,358251,45-49岁,男
1484,海南,女_45-49岁,307236,45-49岁,女
1485,海南,小计_50-54岁,440224,50-54岁,小计
1486,海南,男_50-54岁,235387,50-54岁,男
1487,海南,女_50-54岁,204837,50-54岁,女
1488,海南,小计_55-59岁,394981,55-59岁,小计
1489,海南,男_55-59岁,206800,55-59岁,男
1490,海南,女_55-59岁,188181,55-59岁,女
1491,海南,小计_60-64岁,282564,60-64岁,小计
1492,海南,男_60-64岁,150197,60-64岁,男
1493,海南,女_60-64岁,132367,60-64岁,女
1494,海南,小计_65-69岁,193406,65-69岁,小计
1495,海南,男_65-69岁,96884,65-69岁,男
1496,海南,女_65-69岁,96522,65-69岁,女
1497,海南,小计_70-74岁,201972,70-74岁,小计
1498,海南,男_70-74岁,98021,70-74岁,男
1499,海南,女_70-74岁,103951,70-74岁,女
1500,海南,小计_75-79岁,151338,75-79岁,小计
1501,海南,男_75-79岁,71080,75-79岁,男
1502,海南,女_75-79岁,80258,75-79岁,女
1503,海南,小计_80-84岁,90666,80-84岁,小计
1504,海南,男_80-84岁,38077,80-84岁,男
1505,海南,女_80-84岁,52589,80-84岁,女
1506,海南,小计_85-89岁,41722,85-89岁,小计
1507,海南,男_85-89岁,15235,85-89岁,男
1508,海南,女_85-89岁,26487,85-89岁,女
1509,海南,小计_90-94岁,14888,90-94岁,小计
1510,海南,男_90-94岁,4531,90-94岁,男
1511,海南,女_90-94岁,10357,90-94岁,女
1512,海南,小计_95-99岁,4528,95-99岁,小计
1513,海南,男_95-99岁,1246,95-99岁,男
1514,海南,女_95-99岁,3282,95-99岁,女
1515,海南,小计_100岁及以上,1162,100岁及以上,小计
1516,海南,男_100岁及以上,255,100岁及以上,男
1517,海南,女_100岁及以上,907,100岁及以上,女
1518,重庆,合计,28846170,合计,合计
1519,重庆,男_合计,14608870,合计,男
1520,重庆,女_合计,14237300,合计,女
1521,重庆,小计_0岁,262561,0岁,小计
1522,重庆,男_0岁,138977,0岁,男
1523,重庆,女_0岁,123584,0岁,女
1524,重庆,小计_1-4岁,1304130,1-4岁,小计
1525,重庆,男_1-4岁,690596,1-4岁,男
1526,重庆,女_1-4岁,613534,1-4岁,女
1527,重庆,小计_5-9岁,1539908,5-9岁,小计
1528,重庆,男_5-9岁,822225,5-9岁,男
1529,重庆,女_5-9岁,717683,5-9岁,女
1530,重庆,小计_10-14岁,1796761,10-14岁,小计
1531,重庆,男_10-14岁,947831,10-14岁,男
1532,重庆,女_10-14岁,848930,10-14岁,女
1533,重庆,小计_15-19岁,2245342,15-19岁,小计
1534,重庆,男_15-19岁,1138466,15-19岁,男
1535,重庆,女_15-19岁,1106876,15-19岁,女
1536,重庆,小计_20-24岁,2149066,20-24岁,小计
1537,重庆,男_20-24岁,1058172,20-24岁,男
1538,重庆,女_20-24岁,1090894,20-24岁,女
1539,重庆,小计_25-29岁,1565973,25-29岁,小计
1540,重庆,男_25-29岁,764663,25-29岁,男
1541,重庆,女_25-29岁,801310,25-29岁,女
1542,重庆,小计_30-34岁,1456089,30-34岁,小计
1543,重庆,男_30-34岁,708598,30-34岁,男
1544,重庆,女_30-34岁,747491,30-34岁,女
1545,重庆,小计_35-39岁,2852283,35-39岁,小计
1546,重庆,男_35-39岁,1423486,35-39岁,男
1547,重庆,女_35-39岁,1428797,35-39岁,女
1548,重庆,小计_40-44岁,2725931,40-44岁,小计
1549,重庆,男_40-44岁,1372752,40-44岁,男
1550,重庆,女_40-44岁,1353179,40-44岁,女
1551,重庆,小计_45-49岁,2201456,45-49岁,小计
1552,重庆,男_45-49岁,1106618,45-49岁,男
1553,重庆,女_45-49岁,1094838,45-49岁,女
1554,重庆,小计_50-54岁,1533112,50-54岁,小计
1555,重庆,男_50-54岁,794808,50-54岁,男
1556,重庆,女_50-54岁,738304,50-54岁,女
1557,重庆,小计_55-59岁,2189164,55-59岁,小计
1558,重庆,男_55-59岁,1102901,55-59岁,男
1559,重庆,女_55-59岁,1086263,55-59岁,女
1560,重庆,小计_60-64岁,1642926,60-64岁,小计
1561,重庆,男_60-64岁,853362,60-64岁,男
1562,重庆,女_60-64岁,789564,60-64岁,女
1563,重庆,小计_65-69岁,1267179,65-69岁,小计
1564,重庆,男_65-69岁,661826,65-69岁,男
1565,重庆,女_65-69岁,605353,65-69岁,女
1566,重庆,小计_70-74岁,911246,70-74岁,小计
1567,重庆,男_70-74岁,466956,70-74岁,男
1568,重庆,女_70-74岁,444290,70-74岁,女
1569,重庆,小计_75-79岁,629562,75-79岁,小计
1570,重庆,男_75-79岁,304833,75-79岁,男
1571,重庆,女_75-79岁,324729,75-79岁,女
1572,重庆,小计_80-84岁,371516,80-84岁,小计
1573,重庆,男_80-84岁,170557,80-84岁,男
1574,重庆,女_80-84岁,200959,80-84岁,女
1575,重庆,小计_85-89岁,148017,85-89岁,小计
1576,重庆,男_85-89岁,61723,85-89岁,男
1577,重庆,女_85-89岁,86294,85-89岁,女
1578,重庆,小计_90-94岁,43367,90-94岁,小计
1579,重庆,男_90-94岁,15998,90-94岁,男
1580,重庆,女_90-94岁,27369,90-94岁,女
1581,重庆,小计_95-99岁,9755,95-99岁,小计
1582,重庆,男_95-99岁,3324,95-99岁,男
1583,重庆,女_95-99岁,6431,95-99岁,女
1584,重庆,小计_100岁及以上,826,100岁及以上,小计
1585,重庆,男_100岁及以上,198,100岁及以上,男
1586,重庆,女_100岁及以上,628,100岁及以上,女
1587,四川,合计,80417528,合计,合计
1588,四川,男_合计,40827834,合计,男
1589,四川,女_合计,39589694,合计,女
1590,四川,小计_0岁,740904,0岁,小计
1591,四川,男_0岁,390791,0岁,男
1592,四川,女_0岁,350113,0岁,女
1593,四川,小计_1-4岁,3536151,1-4岁,小计
1594,四川,男_1-4岁,1859472,1-4岁,男
1595,四川,女_1-4岁,1676679,1-4岁,女
1596,四川,小计_5-9岁,4277626,5-9岁,小计
1597,四川,男_5-9岁,2261957,5-9岁,男
1598,四川,女_5-9岁,2015669,5-9岁,女
1599,四川,小计_10-14岁,5092442,10-14岁,小计
1600,四川,男_10-14岁,2683611,10-14岁,男
1601,四川,女_10-14岁,2408831,10-14岁,女
1602,四川,小计_15-19岁,6213182,15-19岁,小计
1603,四川,男_15-19岁,3174578,15-19岁,男
1604,四川,女_15-19岁,3038604,15-19岁,女
1605,四川,小计_20-24岁,6360027,20-24岁,小计
1606,四川,男_20-24岁,3167922,20-24岁,男
1607,四川,女_20-24岁,3192105,20-24岁,女
1608,四川,小计_25-29岁,4514128,25-29岁,小计
1609,四川,男_25-29岁,2238807,25-29岁,男
1610,四川,女_25-29岁,2275321,25-29岁,女
1611,四川,小计_30-34岁,4874122,30-34岁,小计
1612,四川,男_30-34岁,2421335,30-34岁,男
1613,四川,女_30-34岁,2452787,30-34岁,女
1614,四川,小计_35-39岁,8077512,35-39岁,小计
1615,四川,男_35-39岁,4072193,35-39岁,男
1616,四川,女_35-39岁,4005319,35-39岁,女
1617,四川,小计_40-44岁,7819390,40-44岁,小计
1618,四川,男_40-44岁,3970327,40-44岁,男
1619,四川,女_40-44岁,3849063,40-44岁,女
1620,四川,小计_45-49岁,5934098,45-49岁,小计
1621,四川,男_45-49岁,3014140,45-49岁,男
1622,四川,女_45-49岁,2919958,45-49岁,女
1623,四川,小计_50-54岁,4142765,50-54岁,小计
1624,四川,男_50-54岁,2134376,50-54岁,男
1625,四川,女_50-54岁,2008389,50-54岁,女
1626,四川,小计_55-59岁,5725272,55-59岁,小计
1627,四川,男_55-59岁,2866005,55-59岁,男
1628,四川,女_55-59岁,2859267,55-59岁,女
1629,四川,小计_60-64岁,4304402,60-64岁,小计
1630,四川,男_60-64岁,2221048,60-64岁,男
1631,四川,女_60-64岁,2083354,60-64岁,女
1632,四川,小计_65-69岁,3295231,65-69岁,小计
1633,四川,男_65-69岁,1693975,65-69岁,男
1634,四川,女_65-69岁,1601256,65-69岁,女
1635,四川,小计_70-74岁,2408632,70-74岁,小计
1636,四川,男_70-74岁,1222331,70-74岁,男
1637,四川,女_70-74岁,1186301,70-74岁,女
1638,四川,小计_75-79岁,1588550,75-79岁,小计
1639,四川,男_75-79岁,771359,75-79岁,男
1640,四川,女_75-79岁,817191,75-79岁,女
1641,四川,小计_80-84岁,962223,80-84岁,小计
1642,四川,男_80-84岁,444732,80-84岁,男
1643,四川,女_80-84岁,517491,80-84岁,女
1644,四川,小计_85-89岁,399472,85-89岁,小计
1645,四川,男_85-89岁,165577,85-89岁,男
1646,四川,女_85-89岁,233895,85-89岁,女
1647,四川,小计_90-94岁,118758,90-94岁,小计
1648,四川,男_90-94岁,42464,90-94岁,男
1649,四川,女_90-94岁,76294,90-94岁,女
1650,四川,小计_95-99岁,29414,95-99岁,小计
1651,四川,男_95-99岁,9918,95-99岁,男
1652,四川,女_95-99岁,19496,95-99岁,女
1653,四川,小计_100岁及以上,3227,100岁及以上,小计
1654,四川,男_100岁及以上,916,100岁及以上,男
1655,四川,女_100岁及以上,2311,100岁及以上,女
1656,贵州,合计,34748556,合计,合计
1657,贵州,男_合计,17905471,合计,男
1658,贵州,女_合计,16843085,合计,女
1659,贵州,小计_0岁,475282,0岁,小计
1660,贵州,男_0岁,261641,0岁,男
1661,贵州,女_0岁,213641,0岁,女
1662,贵州,小计_1-4岁,1963917,1-4岁,小计
1663,贵州,男_1-4岁,1088329,1-4岁,男
1664,贵州,女_1-4岁,875588,1-4岁,女
1665,贵州,小计_5-9岁,2745811,5-9岁,小计
1666,贵州,男_5-9岁,1482935,5-9岁,男
1667,贵州,女_5-9岁,1262876,5-9岁,女
1668,贵州,小计_10-14岁,3593232,10-14岁,小计
1669,贵州,男_10-14岁,1888050,10-14岁,男
1670,贵州,女_10-14岁,1705182,10-14岁,女
1671,贵州,小计_15-19岁,2827796,15-19岁,小计
1672,贵州,男_15-19岁,1474002,15-19岁,男
1673,贵州,女_15-19岁,1353794,15-19岁,女
1674,贵州,小计_20-24岁,2426464,20-24岁,小计
1675,贵州,男_20-24岁,1200046,20-24岁,男
1676,贵州,女_20-24岁,1226418,20-24岁,女
1677,贵州,小计_25-29岁,2059781,25-29岁,小计
1678,贵州,男_25-29岁,1032802,25-29岁,男
1679,贵州,女_25-29岁,1026979,25-29岁,女
1680,贵州,小计_30-34岁,2403607,30-34岁,小计
1681,贵州,男_30-34岁,1226542,30-34岁,男
1682,贵州,女_30-34岁,1177065,30-34岁,女
1683,贵州,小计_35-39岁,3095821,35-39岁,小计
1684,贵州,男_35-39岁,1611623,35-39岁,男
1685,贵州,女_35-39岁,1484198,35-39岁,女
1686,贵州,小计_40-44岁,2971556,40-44岁,小计
1687,贵州,男_40-44岁,1541384,40-44岁,男
1688,贵州,女_40-44岁,1430172,40-44岁,女
1689,贵州,小计_45-49岁,2317950,45-49岁,小计
1690,贵州,男_45-49岁,1191817,45-49岁,男
1691,贵州,女_45-49岁,1126133,45-49岁,女
1692,贵州,小计_50-54岁,1587809,50-54岁,小计
1693,贵州,男_50-54岁,811287,50-54岁,男
1694,贵州,女_50-54岁,776522,50-54岁,女
1695,贵州,小计_55-59岁,1818258,55-59岁,小计
1696,贵州,男_55-59岁,913554,55-59岁,男
1697,贵州,女_55-59岁,904704,55-59岁,女
1698,贵州,小计_60-64岁,1435091,60-64岁,小计
1699,贵州,男_60-64岁,725019,60-64岁,男
1700,贵州,女_60-64岁,710072,60-64岁,女
1701,贵州,小计_65-69岁,1131419,65-69岁,小计
1702,贵州,男_65-69岁,563949,65-69岁,男
1703,贵州,女_65-69岁,567470,65-69岁,女
1704,贵州,小计_70-74岁,907116,70-74岁,小计
1705,贵州,男_70-74岁,442553,70-74岁,男
1706,贵州,女_70-74岁,464563,70-74岁,女
1707,贵州,小计_75-79岁,564064,75-79岁,小计
1708,贵州,男_75-79岁,266704,75-79岁,男
1709,贵州,女_75-79岁,297360,75-79岁,女
1710,贵州,小计_80-84岁,289384,80-84岁,小计
1711,贵州,男_80-84岁,131035,80-84岁,男
1712,贵州,女_80-84岁,158349,80-84岁,女
1713,贵州,小计_85-89岁,98052,85-89岁,小计
1714,贵州,男_85-89岁,39397,85-89岁,男
1715,贵州,女_85-89岁,58655,85-89岁,女
1716,贵州,小计_90-94岁,28165,90-94岁,小计
1717,贵州,男_90-94岁,10090,90-94岁,男
1718,贵州,女_90-94岁,18075,90-94岁,女
1719,贵州,小计_95-99岁,7150,95-99岁,小计
1720,贵州,男_95-99岁,2471,95-99岁,男
1721,贵州,女_95-99岁,4679,95-99岁,女
1722,贵州,小计_100岁及以上,831,100岁及以上,小计
1723,贵州,男_100岁及以上,241,100岁及以上,男
1724,贵州,女_100岁及以上,590,100岁及以上,女
1725,云南,合计,45966766,合计,合计
1726,云南,男_合计,23856696,合计,男
1727,云南,女_合计,22110070,合计,女
1728,云南,小计_0岁,556947,0岁,小计
1729,云南,男_0岁,294144,0岁,男
1730,云南,女_0岁,262803,0岁,女
1731,云南,小计_1-4岁,2360943,1-4岁,小计
1732,云南,男_1-4岁,1250950,1-4岁,男
1733,云南,女_1-4岁,1109993,1-4岁,女
1734,云南,小计_5-9岁,3133577,5-9岁,小计
1735,云南,男_5-9岁,1659678,5-9岁,男
1736,云南,女_5-9岁,1473899,5-9岁,女
1737,云南,小计_10-14岁,3475325,10-14岁,小计
1738,云南,男_10-14岁,1835439,10-14岁,男
1739,云南,女_10-14岁,1639886,10-14岁,女
1740,云南,小计_15-19岁,3693141,15-19岁,小计
1741,云南,男_15-19岁,1924103,15-19岁,男
1742,云南,女_15-19岁,1769038,15-19岁,女
1743,云南,小计_20-24岁,4083725,20-24岁,小计
1744,云南,男_20-24岁,2094298,20-24岁,男
1745,云南,女_20-24岁,1989427,20-24岁,女
1746,云南,小计_25-29岁,3572599,25-29岁,小计
1747,云南,男_25-29岁,1871027,25-29岁,男
1748,云南,女_25-29岁,1701572,25-29岁,女
1749,云南,小计_30-34岁,3931583,30-34岁,小计
1750,云南,男_30-34岁,2074103,30-34岁,男
1751,云南,女_30-34岁,1857480,30-34岁,女
1752,云南,小计_35-39岁,4379894,35-39岁,小计
1753,云南,男_35-39岁,2328062,35-39岁,男
1754,云南,女_35-39岁,2051832,35-39岁,女
1755,云南,小计_40-44岁,4068439,40-44岁,小计
1756,云南,男_40-44岁,2142791,40-44岁,男
1757,云南,女_40-44岁,1925648,40-44岁,女
1758,云南,小计_45-49岁,3345400,45-49岁,小计
1759,云南,男_45-49岁,1739981,45-49岁,男
1760,云南,女_45-49岁,1605419,45-49岁,女
1761,云南,小计_50-54岁,2133490,50-54岁,小计
1762,云南,男_50-54岁,1095569,50-54岁,男
1763,云南,女_50-54岁,1037921,50-54岁,女
1764,云南,小计_55-59岁,2146376,55-59岁,小计
1765,云南,男_55-59岁,1084950,55-59岁,男
1766,云南,女_55-59岁,1061426,55-59岁,女
1767,云南,小计_60-64岁,1579853,60-64岁,小计
1768,云南,男_60-64岁,798070,60-64岁,男
1769,云南,女_60-64岁,781783,60-64岁,女
1770,云南,小计_65-69岁,1233417,65-69岁,小计
1771,云南,男_65-69岁,609900,65-69岁,男
1772,云南,女_65-69岁,623517,65-69岁,女
1773,云南,小计_70-74岁,1004041,70-74岁,小计
1774,云南,男_70-74岁,489016,70-74岁,男
1775,云南,女_70-74岁,515025,70-74岁,女
1776,云南,小计_75-79岁,694259,75-79岁,小计
1777,云南,男_75-79岁,324807,75-79岁,男
1778,云南,女_75-79岁,369452,75-79岁,女
1779,云南,小计_80-84岁,383530,80-84岁,小计
1780,云南,男_80-84岁,168222,80-84岁,男
1781,云南,女_80-84岁,215308,80-84岁,女
1782,云南,小计_85-89岁,142391,85-89岁,小计
1783,云南,男_85-89岁,55051,85-89岁,男
1784,云南,女_85-89岁,87340,85-89岁,女
1785,云南,小计_90-94岁,37820,90-94岁,小计
1786,云南,男_90-94岁,13073,90-94岁,男
1787,云南,女_90-94岁,24747,90-94岁,女
1788,云南,小计_95-99岁,9239,95-99岁,小计
1789,云南,男_95-99岁,3253,95-99岁,男
1790,云南,女_95-99岁,5986,95-99岁,女
1791,云南,小计_100岁及以上,777,100岁及以上,小计
1792,云南,男_100岁及以上,209,100岁及以上,男
1793,云南,女_100岁及以上,568,100岁及以上,女
1794,西藏,合计,3002165,合计,合计
1795,西藏,男_合计,1542652,合计,男
1796,西藏,女_合计,1459513,合计,女
1797,西藏,小计_0岁,45268,0岁,小计
1798,西藏,男_0岁,23346,0岁,男
1799,西藏,女_0岁,21922,0岁,女
1800,西藏,小计_1-4岁,201029,1-4岁,小计
1801,西藏,男_1-4岁,102886,1-4岁,男
1802,西藏,女_1-4岁,98143,1-4岁,女
1803,西藏,小计_5-9岁,237982,5-9岁,小计
1804,西藏,男_5-9岁,121415,5-9岁,男
1805,西藏,女_5-9岁,116567,5-9岁,女
1806,西藏,小计_10-14岁,247405,10-14岁,小计
1807,西藏,男_10-14岁,125906,10-14岁,男
1808,西藏,女_10-14岁,121499,10-14岁,女
1809,西藏,小计_15-19岁,270675,15-19岁,小计
1810,西藏,男_15-19岁,141186,15-19岁,男
1811,西藏,女_15-19岁,129489,15-19岁,女
1812,西藏,小计_20-24岁,327630,20-24岁,小计
1813,西藏,男_20-24岁,172999,20-24岁,男
1814,西藏,女_20-24岁,154631,20-24岁,女
1815,西藏,小计_25-29岁,310214,25-29岁,小计
1816,西藏,男_25-29岁,161381,25-29岁,男
1817,西藏,女_25-29岁,148833,25-29岁,女
1818,西藏,小计_30-34岁,252326,30-34岁,小计
1819,西藏,男_30-34岁,132424,30-34岁,男
1820,西藏,女_30-34岁,119902,30-34岁,女
1821,西藏,小计_35-39岁,248672,35-39岁,小计
1822,西藏,男_35-39岁,130917,35-39岁,男
1823,西藏,女_35-39岁,117755,35-39岁,女
1824,西藏,小计_40-44岁,227977,40-44岁,小计
1825,西藏,男_40-44岁,118900,40-44岁,男
1826,西藏,女_40-44岁,109077,40-44岁,女
1827,西藏,小计_45-49岁,187860,45-49岁,小计
1828,西藏,男_45-49岁,97943,45-49岁,男
1829,西藏,女_45-49岁,89917,45-49岁,女
1830,西藏,小计_50-54岁,120934,50-54岁,小计
1831,西藏,男_50-54岁,61715,50-54岁,男
1832,西藏,女_50-54岁,59219,50-54岁,女
1833,西藏,小计_55-59岁,93828,55-59岁,小计
1834,西藏,男_55-59岁,47199,55-59岁,男
1835,西藏,女_55-59岁,46629,55-59岁,女
1836,西藏,小计_60-64岁,77457,60-64岁,小计
1837,西藏,男_60-64岁,37447,60-64岁,男
1838,西藏,女_60-64岁,40010,60-64岁,女
1839,西藏,小计_65-69岁,60450,65-69岁,小计
1840,西藏,男_65-69岁,28057,65-69岁,男
1841,西藏,女_65-69岁,32393,65-69岁,女
1842,西藏,小计_70-74岁,43068,70-74岁,小计
1843,西藏,男_70-74岁,19220,70-74岁,男
1844,西藏,女_70-74岁,23848,70-74岁,女
1845,西藏,小计_75-79岁,26484,75-79岁,小计
1846,西藏,男_75-79岁,11049,75-79岁,男
1847,西藏,女_75-79岁,15435,75-79岁,女
1848,西藏,小计_80-84岁,14981,80-84岁,小计
1849,西藏,男_80-84岁,5744,80-84岁,男
1850,西藏,女_80-84岁,9237,80-84岁,女
1851,西藏,小计_85-89岁,5827,85-89岁,小计
1852,西藏,男_85-89岁,2113,85-89岁,男
1853,西藏,女_85-89岁,3714,85-89岁,女
1854,西藏,小计_90-94岁,1517,90-94岁,小计
1855,西藏,男_90-94岁,547,90-94岁,男
1856,西藏,女_90-94岁,970,90-94岁,女
1857,西藏,小计_95-99岁,543,95-99岁,小计
1858,西藏,男_95-99岁,241,95-99岁,男
1859,西藏,女_95-99岁,302,95-99岁,女
1860,西藏,小计_100岁及以上,38,100岁及以上,小计
1861,西藏,男_100岁及以上,17,100岁及以上,男
1862,西藏,女_100岁及以上,21,100岁及以上,女
1863,陕西,合计,37327379,合计,合计
1864,陕西,男_合计,19287575,合计,男
1865,陕西,女_合计,18039804,合计,女
1866,陕西,小计_0岁,334718,0岁,小计
1867,陕西,男_0岁,179263,0岁,男
1868,陕西,女_0岁,155455,0岁,女
1869,陕西,小计_1-4岁,1471510,1-4岁,小计
1870,陕西,男_1-4岁,793674,1-4岁,男
1871,陕西,女_1-4岁,677836,1-4岁,女
1872,陕西,小计_5-9岁,1669727,5-9岁,小计
1873,陕西,男_5-9岁,907840,5-9岁,男
1874,陕西,女_5-9岁,761887,5-9岁,女
1875,陕西,小计_10-14岁,2013440,10-14岁,小计
1876,陕西,男_10-14岁,1100807,10-14岁,男
1877,陕西,女_10-14岁,912633,10-14岁,女
1878,陕西,小计_15-19岁,3331277,15-19岁,小计
1879,陕西,男_15-19岁,1752574,15-19岁,男
1880,陕西,女_15-19岁,1578703,15-19岁,女
1881,陕西,小计_20-24岁,3941487,20-24岁,小计
1882,陕西,男_20-24岁,2011071,20-24岁,男
1883,陕西,女_20-24岁,1930416,20-24岁,女
1884,陕西,小计_25-29岁,2827013,25-29岁,小计
1885,陕西,男_25-29岁,1443775,25-29岁,男
1886,陕西,女_25-29岁,1383238,25-29岁,女
1887,陕西,小计_30-34岁,2542726,30-34岁,小计
1888,陕西,男_30-34岁,1306244,30-34岁,男
1889,陕西,女_30-34岁,1236482,30-34岁,女
1890,陕西,小计_35-39岁,3293127,35-39岁,小计
1891,陕西,男_35-39岁,1691341,35-39岁,男
1892,陕西,女_35-39岁,1601786,35-39岁,女
1893,陕西,小计_40-44岁,3390021,40-44岁,小计
1894,陕西,男_40-44岁,1752844,40-44岁,男
1895,陕西,女_40-44岁,1637177,40-44岁,女
1896,陕西,小计_45-49岁,2957295,45-49岁,小计
1897,陕西,男_45-49岁,1529697,45-49岁,男
1898,陕西,女_45-49岁,1427598,45-49岁,女
1899,陕西,小计_50-54岁,2488577,50-54岁,小计
1900,陕西,男_50-54岁,1287971,50-54岁,男
1901,陕西,女_50-54岁,1200606,50-54岁,女
1902,陕西,小计_55-59岁,2269642,55-59岁,小计
1903,陕西,男_55-59岁,1153183,55-59岁,男
1904,陕西,女_55-59岁,1116459,55-59岁,女
1905,陕西,小计_60-64岁,1612982,60-64岁,小计
1906,陕西,男_60-64岁,819821,60-64岁,男
1907,陕西,女_60-64岁,793161,60-64岁,女
1908,陕西,小计_65-69岁,1219790,65-69岁,小计
1909,陕西,男_65-69岁,607488,65-69岁,男
1910,陕西,女_65-69岁,612302,65-69岁,女
1911,陕西,小计_70-74岁,945882,70-74岁,小计
1912,陕西,男_70-74岁,464072,70-74岁,男
1913,陕西,女_70-74岁,481810,70-74岁,女
1914,陕西,小计_75-79岁,597003,75-79岁,小计
1915,陕西,男_75-79岁,290914,75-79岁,男
1916,陕西,女_75-79岁,306089,75-79岁,女
1917,陕西,小计_80-84岁,272582,80-84岁,小计
1918,陕西,男_80-84岁,131397,80-84岁,男
1919,陕西,女_80-84岁,141185,80-84岁,女
1920,陕西,小计_85-89岁,113214,85-89岁,小计
1921,陕西,男_85-89岁,49727,85-89岁,男
1922,陕西,女_85-89岁,63487,85-89岁,女
1923,陕西,小计_90-94岁,28260,90-94岁,小计
1924,陕西,男_90-94岁,11074,90-94岁,男
1925,陕西,女_90-94岁,17186,90-94岁,女
1926,陕西,小计_95-99岁,6766,95-99岁,小计
1927,陕西,男_95-99岁,2687,95-99岁,男
1928,陕西,女_95-99岁,4079,95-99岁,女
1929,陕西,小计_100岁及以上,340,100岁及以上,小计
1930,陕西,男_100岁及以上,111,100岁及以上,男
1931,陕西,女_100岁及以上,229,100岁及以上,女
1932,甘肃,合计,25575263,合计,合计
1933,甘肃,男_合计,13064193,合计,男
1934,甘肃,女_合计,12511070,合计,女
1935,甘肃,小计_0岁,276977,0岁,小计
1936,甘肃,男_0岁,149668,0岁,男
1937,甘肃,女_0岁,127309,0岁,女
1938,甘肃,小计_1-4岁,1112667,1-4岁,小计
1939,甘肃,男_1-4岁,602691,1-4岁,男
1940,甘肃,女_1-4岁,509976,1-4岁,女
1941,甘肃,小计_5-9岁,1445587,5-9岁,小计
1942,甘肃,男_5-9岁,773015,5-9岁,男
1943,甘肃,女_5-9岁,672572,5-9岁,女
1944,甘肃,小计_10-14岁,1808904,10-14岁,小计
1945,甘肃,男_10-14岁,958255,10-14岁,男
1946,甘肃,女_10-14岁,850649,10-14岁,女
1947,甘肃,小计_15-19岁,2435585,15-19岁,小计
1948,甘肃,男_15-19岁,1253158,15-19岁,男
1949,甘肃,女_15-19岁,1182427,15-19岁,女
1950,甘肃,小计_20-24岁,2318564,20-24岁,小计
1951,甘肃,男_20-24岁,1142615,20-24岁,男
1952,甘肃,女_20-24岁,1175949,20-24岁,女
1953,甘肃,小计_25-29岁,1686018,25-29岁,小计
1954,甘肃,男_25-29岁,835598,25-29岁,男
1955,甘肃,女_25-29岁,850420,25-29岁,女
1956,甘肃,小计_30-34岁,1599412,30-34岁,小计
1957,甘肃,男_30-34岁,810650,30-34岁,男
1958,甘肃,女_30-34岁,788762,30-34岁,女
1959,甘肃,小计_35-39岁,2384986,35-39岁,小计
1960,甘肃,男_35-39岁,1203659,35-39岁,男
1961,甘肃,女_35-39岁,1181327,35-39岁,女
1962,甘肃,小计_40-44岁,2663227,40-44岁,小计
1963,甘肃,男_40-44岁,1348508,40-44岁,男
1964,甘肃,女_40-44岁,1314719,40-44岁,女
1965,甘肃,小计_45-49岁,2039894,45-49岁,小计
1966,甘肃,男_45-49岁,1042022,45-49岁,男
1967,甘肃,女_45-49岁,997872,45-49岁,女
1968,甘肃,小计_50-54岁,1263287,50-54岁,小计
1969,甘肃,男_50-54岁,659318,50-54岁,男
1970,甘肃,女_50-54岁,603969,50-54岁,女
1971,甘肃,小计_55-59岁,1359297,55-59岁,小计
1972,甘肃,男_55-59岁,694781,55-59岁,男
1973,甘肃,女_55-59岁,664516,55-59岁,女
1974,甘肃,小计_60-64岁,1075283,60-64岁,小计
1975,甘肃,男_60-64岁,541662,60-64岁,男
1976,甘肃,女_60-64岁,533621,60-64岁,女
1977,甘肃,小计_65-69岁,855738,65-69岁,小计
1978,甘肃,男_65-69岁,431452,65-69岁,男
1979,甘肃,女_65-69岁,424286,65-69岁,女
1980,甘肃,小计_70-74岁,648464,70-74岁,小计
1981,甘肃,男_70-74岁,325137,70-74岁,男
1982,甘肃,女_70-74岁,323327,70-74岁,女
1983,甘肃,小计_75-79岁,383537,75-79岁,小计
1984,甘肃,男_75-79岁,188730,75-79岁,男
1985,甘肃,女_75-79岁,194807,75-79岁,女
1986,甘肃,小计_80-84岁,144438,80-84岁,小计
1987,甘肃,男_80-84岁,70650,80-84岁,男
1988,甘肃,女_80-84岁,73788,80-84岁,女
1989,甘肃,小计_85-89岁,56407,85-89岁,小计
1990,甘肃,男_85-89岁,25455,85-89岁,男
1991,甘肃,女_85-89岁,30952,85-89岁,女
1992,甘肃,小计_90-94岁,13354,90-94岁,小计
1993,甘肃,男_90-94岁,5586,90-94岁,男
1994,甘肃,女_90-94岁,7768,90-94岁,女
1995,甘肃,小计_95-99岁,3444,95-99岁,小计
1996,甘肃,男_95-99岁,1525,95-99岁,男
1997,甘肃,女_95-99岁,1919,95-99岁,女
1998,甘肃,小计_100岁及以上,193,100岁及以上,小计
1999,甘肃,男_100岁及以上,58,100岁及以上,男
2000,甘肃,女_100岁及以上,135,100岁及以上,女
2001,青海,合计,5626723,合计,合计
2002,青海,男_合计,2913793,合计,男
2003,青海,女_合计,2712930,合计,女
2004,青海,小计_0岁,71664,0岁,小计
2005,青海,男_0岁,37911,0岁,男
2006,青海,女_0岁,33753,0岁,女
2007,青海,小计_1-4岁,297154,1-4岁,小计
2008,青海,男_1-4岁,154744,1-4岁,男
2009,青海,女_1-4岁,142410,1-4岁,女
2010,青海,小计_5-9岁,386107,5-9岁,小计
2011,青海,男_5-9岁,199588,5-9岁,男
2012,青海,女_5-9岁,186519,5-9岁,女
2013,青海,小计_10-14岁,422181,10-14岁,小计
2014,青海,男_10-14岁,217250,10-14岁,男
2015,青海,女_10-14岁,204931,10-14岁,女
2016,青海,小计_15-19岁,489085,15-19岁,小计
2017,青海,男_15-19岁,251790,15-19岁,男
2018,青海,女_15-19岁,237295,15-19岁,女
2019,青海,小计_20-24岁,487100,20-24岁,小计
2020,青海,男_20-24岁,251152,20-24岁,男
2021,青海,女_20-24岁,235948,20-24岁,女
2022,青海,小计_25-29岁,426919,25-29岁,小计
2023,青海,男_25-29岁,220178,25-29岁,男
2024,青海,女_25-29岁,206741,25-29岁,女
2025,青海,小计_30-34岁,489129,30-34岁,小计
2026,青海,男_30-34岁,254853,30-34岁,男
2027,青海,女_30-34岁,234276,30-34岁,女
2028,青海,小计_35-39岁,569020,35-39岁,小计
2029,青海,男_35-39岁,301903,35-39岁,男
2030,青海,女_35-39岁,267117,35-39岁,女
2031,青海,小计_40-44岁,559044,40-44岁,小计
2032,青海,男_40-44岁,295724,40-44岁,男
2033,青海,女_40-44岁,263320,40-44岁,女
2034,青海,小计_45-49岁,422732,45-49岁,小计
2035,青海,男_45-49岁,223728,45-49岁,男
2036,青海,女_45-49岁,199004,45-49岁,女
2037,青海,小计_50-54岁,241896,50-54岁,小计
2038,青海,男_50-54岁,127841,50-54岁,男
2039,青海,女_50-54岁,114055,50-54岁,女
2040,青海,小计_55-59岁,232793,55-59岁,小计
2041,青海,男_55-59岁,118916,55-59岁,男
2042,青海,女_55-59岁,113877,55-59岁,女
2043,青海,小计_60-64岁,177215,60-64岁,小计
2044,青海,男_60-64岁,87431,60-64岁,男
2045,青海,女_60-64岁,89784,60-64岁,女
2046,青海,小计_65-69岁,144094,65-69岁,小计
2047,青海,男_65-69岁,69039,65-69岁,男
2048,青海,女_65-69岁,75055,65-69岁,女
2049,青海,小计_70-74岁,109187,70-74岁,小计
2050,青海,男_70-74岁,53509,70-74岁,男
2051,青海,女_70-74岁,55678,70-74岁,女
2052,青海,小计_75-79岁,63887,75-79岁,小计
2053,青海,男_75-79岁,31124,75-79岁,男
2054,青海,女_75-79岁,32763,75-79岁,女
2055,青海,小计_80-84岁,26186,80-84岁,小计
2056,青海,男_80-84岁,12400,80-84岁,男
2057,青海,女_80-84岁,13786,80-84岁,女
2058,青海,小计_85-89岁,8878,85-89岁,小计
2059,青海,男_85-89岁,3756,85-89岁,男
2060,青海,女_85-89岁,5122,85-89岁,女
2061,青海,小计_90-94岁,1929,90-94岁,小计
2062,青海,男_90-94岁,745,90-94岁,男
2063,青海,女_90-94岁,1184,90-94岁,女
2064,青海,小计_95-99岁,439,95-99岁,小计
2065,青海,男_95-99岁,179,95-99岁,男
2066,青海,女_95-99岁,260,95-99岁,女
2067,青海,小计_100岁及以上,84,100岁及以上,小计
2068,青海,男_100岁及以上,32,100岁及以上,男
2069,青海,女_100岁及以上,52,100岁及以上,女
2070,宁夏,合计,6301350,合计,合计
2071,宁夏,男_合计,3227404,合计,男
2072,宁夏,女_合计,3073946,合计,女
2073,宁夏,小计_0岁,75277,0岁,小计
2074,宁夏,男_0岁,40062,0岁,男
2075,宁夏,女_0岁,35215,0岁,女
2076,宁夏,小计_1-4岁,341751,1-4岁,小计
2077,宁夏,男_1-4岁,181134,1-4岁,男
2078,宁夏,女_1-4岁,160617,1-4岁,女
2079,宁夏,小计_5-9岁,440189,5-9岁,小计
2080,宁夏,男_5-9岁,231455,5-9岁,男
2081,宁夏,女_5-9岁,208734,5-9岁,女
2082,宁夏,小计_10-14岁,490813,10-14岁,小计
2083,宁夏,男_10-14岁,254028,10-14岁,男
2084,宁夏,女_10-14岁,236785,10-14岁,女
2085,宁夏,小计_15-19岁,552137,15-19岁,小计
2086,宁夏,男_15-19岁,280086,15-19岁,男
2087,宁夏,女_15-19岁,272051,15-19岁,女
2088,宁夏,小计_20-24岁,551463,20-24岁,小计
2089,宁夏,男_20-24岁,276639,20-24岁,男
2090,宁夏,女_20-24岁,274824,20-24岁,女
2091,宁夏,小计_25-29岁,501079,25-29岁,小计
2092,宁夏,男_25-29岁,252813,25-29岁,男
2093,宁夏,女_25-29岁,248266,25-29岁,女
2094,宁夏,小计_30-34岁,539244,30-34岁,小计
2095,宁夏,男_30-34岁,275407,30-34岁,男
2096,宁夏,女_30-34岁,263837,30-34岁,女
2097,宁夏,小计_35-39岁,592210,35-39岁,小计
2098,宁夏,男_35-39岁,305743,35-39岁,男
2099,宁夏,女_35-39岁,286467,35-39岁,女
2100,宁夏,小计_40-44岁,576333,40-44岁,小计
2101,宁夏,男_40-44岁,295336,40-44岁,男
2102,宁夏,女_40-44岁,280997,40-44岁,女
2103,宁夏,小计_45-49岁,445356,45-49岁,小计
2104,宁夏,男_45-49岁,231469,45-49岁,男
2105,宁夏,女_45-49岁,213887,45-49岁,女
2106,宁夏,小计_50-54岁,292737,50-54岁,小计
2107,宁夏,男_50-54岁,151258,50-54岁,男
2108,宁夏,女_50-54岁,141479,50-54岁,女
2109,宁夏,小计_55-59岁,293466,55-59岁,小计
2110,宁夏,男_55-59岁,148324,55-59岁,男
2111,宁夏,女_55-59岁,145142,55-59岁,女
2112,宁夏,小计_60-64岁,206508,60-64岁,小计
2113,宁夏,男_60-64岁,102752,60-64岁,男
2114,宁夏,女_60-64岁,103756,60-64岁,女
2115,宁夏,小计_65-69岁,159952,65-69岁,小计
2116,宁夏,男_65-69岁,78250,65-69岁,男
2117,宁夏,女_65-69岁,81702,65-69岁,女
2118,宁夏,小计_70-74岁,122752,70-74岁,小计
2119,宁夏,男_70-74岁,61392,70-74岁,男
2120,宁夏,女_70-74岁,61360,70-74岁,女
2121,宁夏,小计_75-79岁,72794,75-79岁,小计
2122,宁夏,男_75-79岁,36997,75-79岁,男
2123,宁夏,女_75-79岁,35797,75-79岁,女
2124,宁夏,小计_80-84岁,31877,80-84岁,小计
2125,宁夏,男_80-84岁,16665,80-84岁,男
2126,宁夏,女_80-84岁,15212,80-84岁,女
2127,宁夏,小计_85-89岁,11577,85-89岁,小计
2128,宁夏,男_85-89岁,5804,85-89岁,男
2129,宁夏,女_85-89岁,5773,85-89岁,女
2130,宁夏,小计_90-94岁,2968,90-94岁,小计
2131,宁夏,男_90-94岁,1413,90-94岁,男
2132,宁夏,女_90-94岁,1555,90-94岁,女
2133,宁夏,小计_95-99岁,791,95-99岁,小计
2134,宁夏,男_95-99岁,357,95-99岁,男
2135,宁夏,女_95-99岁,434,95-99岁,女
2136,宁夏,小计_100岁及以上,76,100岁及以上,小计
2137,宁夏,男_100岁及以上,20,100岁及以上,男
2138,宁夏,女_100岁及以上,56,100岁及以上,女
2139,新疆,合计,21815815,合计,合计
2140,新疆,男_合计,11270147,合计,男
2141,新疆,女_合计,10545668,合计,女
2142,新疆,小计_0岁,320400,0岁,小计
2143,新疆,男_0岁,164879,0岁,男
2144,新疆,女_0岁,155521,0岁,女
2145,新疆,小计_1-4岁,1243815,1-4岁,小计
2146,新疆,男_1-4岁,638472,1-4岁,男
2147,新疆,女_1-4岁,605343,1-4岁,女
2148,新疆,小计_5-9岁,1391142,5-9岁,小计
2149,新疆,男_5-9岁,715776,5-9岁,男
2150,新疆,女_5-9岁,675366,5-9岁,女
2151,新疆,小计_10-14岁,1506445,10-14岁,小计
2152,新疆,男_10-14岁,773420,10-14岁,男
2153,新疆,女_10-14岁,733025,10-14岁,女
2154,新疆,小计_15-19岁,1752486,15-19岁,小计
2155,新疆,男_15-19岁,898641,15-19岁,男
2156,新疆,女_15-19岁,853845,15-19岁,女
2157,新疆,小计_20-24岁,2117568,20-24岁,小计
2158,新疆,男_20-24岁,1074762,20-24岁,男
2159,新疆,女_20-24岁,1042806,20-24岁,女
2160,新疆,小计_25-29岁,1823530,25-29岁,小计
2161,新疆,男_25-29岁,928530,25-29岁,男
2162,新疆,女_25-29岁,895000,25-29岁,女
2163,新疆,小计_30-34岁,1794325,30-34岁,小计
2164,新疆,男_30-34岁,918011,30-34岁,男
2165,新疆,女_30-34岁,876314,30-34岁,女
2166,新疆,小计_35-39岁,2204159,35-39岁,小计
2167,新疆,男_35-39岁,1146605,35-39岁,男
2168,新疆,女_35-39岁,1057554,35-39岁,女
2169,新疆,小计_40-44岁,2142691,40-44岁,小计
2170,新疆,男_40-44岁,1124162,40-44岁,男
2171,新疆,女_40-44岁,1018529,40-44岁,女
2172,新疆,小计_45-49岁,1539869,45-49岁,小计
2173,新疆,男_45-49岁,822073,45-49岁,男
2174,新疆,女_45-49岁,717796,45-49岁,女
2175,新疆,小计_50-54岁,1025197,50-54岁,小计
2176,新疆,男_50-54岁,541414,50-54岁,男
2177,新疆,女_50-54岁,483783,50-54岁,女
2178,新疆,小计_55-59岁,846571,55-59岁,小计
2179,新疆,男_55-59岁,433766,55-59岁,男
2180,新疆,女_55-59岁,412805,55-59岁,女
2181,新疆,小计_60-64岁,693538,60-64岁,小计
2182,新疆,男_60-64岁,342488,60-64岁,男
2183,新疆,女_60-64岁,351050,60-64岁,女
2184,新疆,小计_65-69岁,561795,65-69岁,小计
2185,新疆,男_65-69岁,278669,65-69岁,男
2186,新疆,女_65-69岁,283126,65-69岁,女
2187,新疆,小计_70-74岁,444331,70-74岁,小计
2188,新疆,男_70-74岁,243253,70-74岁,男
2189,新疆,女_70-74岁,201078,70-74岁,女
2190,新疆,小计_75-79岁,230768,75-79岁,小计
2191,新疆,男_75-79岁,125439,75-79岁,男
2192,新疆,女_75-79岁,105329,75-79岁,女
2193,新疆,小计_80-84岁,112835,80-84岁,小计
2194,新疆,男_80-84岁,64447,80-84岁,男
2195,新疆,女_80-84岁,48388,80-84岁,女
2196,新疆,小计_85-89岁,44509,85-89岁,小计
2197,新疆,男_85-89岁,25198,85-89岁,男
2198,新疆,女_85-89岁,19311,85-89岁,女
2199,新疆,小计_90-94岁,14638,90-94岁,小计
2200,新疆,男_90-94岁,7542,90-94岁,男
2201,新疆,女_90-94岁,7096,90-94岁,女
2202,新疆,小计_95-99岁,4460,95-99岁,小计
2203,新疆,男_95-99岁,2241,95-99岁,男
2204,新疆,女_95-99岁,2219,95-99岁,女
2205,新疆,小计_100岁及以上,743,100岁及以上,小计
2206,新疆,男_100岁及以上,359,100岁及以上,男
2207,新疆,女_100岁及以上,384,100岁及以上,女
